cik,period_end,grain,revenue,deferred_revenue,rpo,implied_billings,ttm_revenue,revenue_prior_year,revenue_yoy,rpo_coverage,deferred_revenue_ratio
0000796343,2008-05-30,quarterly,886886000.0,,,,886886000.0,,,,
0000796343,2008-08-29,quarterly,887257000.0,,,,1774143000.0,,,,
0000796343,2009-02-27,quarterly,786390000.0,,,,2560533000.0,,,,
0000796343,2009-05-29,quarterly,704673000.0,213315000.0,,,3265206000.0,,,,0.06532972192259845
0000796343,2009-08-28,quarterly,697507000.0,218194000.0,,702386000.0,3075827000.0,886886000.0,-0.21353251714425525,,0.07093832000304308
0000796343,2009-11-27,quarterly,757283000.0,318293000.0,,857382000.0,2945853000.0,887257000.0,-0.1464896867536689,,0.10804782180237778
0000796343,2010-03-05,quarterly,858700000.0,359743000.0,,900150000.0,3018163000.0,786390000.0,0.09195183051666467,,0.1191927009906357
0000796343,2010-06-04,quarterly,943035000.0,404343000.0,,987635000.0,3256525000.0,704673000.0,0.338259022269904,,0.12416394776640745
0000796343,2010-09-03,quarterly,990319000.0,420915000.0,,1006891000.0,3549337000.0,697507000.0,0.4197979375117382,,0.1185897535229819
0000796343,2010-12-03,quarterly,1007946000.0,429677000.0,,1016708000.0,3800000000.0,757283000.0,0.33100307282746355,,0.11307289473684211
0000796343,2011-03-04,quarterly,1027706000.0,443398000.0,,1041427000.0,3969006000.0,858700000.0,0.1968161173867473,,0.1117151246432986
0000796343,2011-06-03,quarterly,1023179000.0,482027000.0,,1061808000.0,4049150000.0,943035000.0,0.08498518082573825,,0.1190439968882358
0000796343,2011-09-02,quarterly,1013212000.0,484059000.0,,1015244000.0,4072043000.0,990319000.0,0.02311679367961239,,0.11887374470259769
0000796343,2011-12-02,quarterly,1152161000.0,531705000.0,,1199807000.0,4216258000.0,1007946000.0,0.14307810140622612,,0.12610826946548337
0000796343,2012-03-02,quarterly,1045220000.0,548964000.0,,1062479000.0,4233772000.0,1027706000.0,0.01704183881382426,,0.12966309947725102
0000796343,2012-06-01,quarterly,1124449000.0,592778000.0,,1168263000.0,4335042000.0,1023179000.0,0.09897583902718887,,0.13674100504677925
0000796343,2012-08-31,quarterly,1080580000.0,560333000.0,,1048135000.0,4402410000.0,1013212000.0,0.06648954019494435,,0.12727869507837752
0000796343,2012-11-30,quarterly,1153428000.0,619565000.0,,1212660000.0,4403677000.0,1152161000.0,0.0010996727019920716,,0.14069265298067957
0000796343,2013-03-01,quarterly,1007873000.0,700031000.0,,1088339000.0,4366330000.0,1045220000.0,-0.03573123361588948,,0.16032480366806906
0000796343,2013-05-31,quarterly,1010549000.0,691261000.0,,1001779000.0,4252430000.0,1124449000.0,-0.10129405602210506,,0.1625567028734159
0000796343,2013-08-30,quarterly,995119000.0,734075000.0,,1037933000.0,4166969000.0,1080580000.0,-0.07908808232615816,,0.1761652174518217
0000796343,2013-11-29,quarterly,1041699000.0,828812000.0,,1136436000.0,4055240000.0,1153428000.0,-0.09686690456621483,,0.20438050522287213
0000796343,2014-02-28,quarterly,1000120000.0,881087000.0,,1052395000.0,4047487000.0,1007873000.0,-0.007692437440034561,,0.2176874193789875
0000796343,2014-05-30,quarterly,1068208000.0,928604000.0,,1115725000.0,4105146000.0,1010549000.0,0.0570571046035373,,0.22620486579527257
0000796343,2014-08-29,quarterly,1005409000.0,996538000.0,,1073343000.0,4115436000.0,995119000.0,0.010340471843065968,,0.24214639712535926
0000796343,2014-11-28,quarterly,1073328000.0,1155324000.0,,1232114000.0,4147065000.0,1041699000.0,0.03036289753566046,,0.2785883510386261
0000796343,2015-02-27,quarterly,1109181000.0,1183269000.0,,1137126000.0,4256126000.0,1000120000.0,0.10904791425029003,,0.2780155004809538
0000796343,2015-05-29,quarterly,1162158000.0,1228155000.0,,1207044000.0,4350076000.0,1068208000.0,0.0879510357533364,,0.28232955010441196
0000796343,2015-08-28,quarterly,1217768000.0,1306029000.0,,1295642000.0,4562435000.0,1005409000.0,0.21121652979036387,,0.28625700968890516
0000796343,2015-11-27,quarterly,1306404000.0,1485294000.0,,1485669000.0,4795511000.0,1073328000.0,0.21715263181431954,,0.30972590825044505
0000796343,2016-03-04,quarterly,1383335000.0,1608660000.0,,1506701000.0,5069665000.0,1109181000.0,0.24716795545542158,,0.31731090713094456
0000796343,2016-06-03,quarterly,1398709000.0,1681632000.0,,1471681000.0,5306216000.0,1162158000.0,0.2035446126946594,,0.31691736634920253
0000796343,2016-09-02,quarterly,1463967000.0,1797985000.0,,1580320000.0,5552415000.0,1217768000.0,0.2021723349603537,,0.32382035564704725
0000796343,2016-12-02,quarterly,1608419000.0,2014750000.0,,1825184000.0,5854430000.0,1306404000.0,0.23118040054990652,,0.34414110340374726
0000796343,2017-03-03,quarterly,1681646000.0,2060246000.0,,1727142000.0,6152741000.0,1383335000.0,0.2156462462093418,,0.3348501098941106
0000796343,2017-06-02,quarterly,1772190000.0,2074992000.0,,1786936000.0,6526222000.0,1398709000.0,0.26701837194155464,,0.31794689178517066
0000796343,2017-09-01,quarterly,1841074000.0,2204864000.0,,1970946000.0,6903329000.0,1463967000.0,0.2575925550234397,,0.3193914124620165
0000796343,2017-12-01,quarterly,2006595000.0,2494542000.0,,2296273000.0,7301505000.0,1608419000.0,0.24755738399011706,,0.3416476466153211
0000796343,2018-03-02,quarterly,2078947000.0,2572204000.0,,2156609000.0,7698806000.0,1681646000.0,0.2362572146575439,,0.33410427539023585
0000796343,2018-06-01,quarterly,2195360000.0,2634267000.0,,2257423000.0,8121976000.0,1772190000.0,0.23878365186577066,,0.32433819060780283
0000796343,2018-08-31,quarterly,2291076000.0,2707374000.0,,2364183000.0,8571978000.0,1841074000.0,0.24442363533459277,,0.31584005465249676
0000796343,2018-11-30,quarterly,2464625000.0,3053604000.0,,2810855000.0,9030008000.0,2006595000.0,0.2282623050491006,,0.338161826656189
0000796343,2019-03-01,quarterly,2601000000.0,3218192000.0,8130000000.0,2765588000.0,9552061000.0,2078947000.0,0.2511141457670638,0.8511252178980013,0.33691074627768813
0000796343,2019-05-31,quarterly,2744000000.0,3134074000.0,8370000000.0,2659882000.0,10100701000.0,2195360000.0,0.24990889876831135,0.8286553576826005,0.31028282096460436
0000796343,2019-08-30,quarterly,2834000000.0,3255936000.0,8770000000.0,2955862000.0,10643625000.0,2291076000.0,0.2369733697179841,0.8239673983252886,0.30590480217031324
0000796343,2019-11-29,quarterly,2992000000.0,3501000000.0,9820000000.0,3237064000.0,11171000000.0,2464625000.0,0.21397778566719072,0.8790618565929639,0.3134007698505058
0000796343,2020-02-28,quarterly,3091000000.0,3614000000.0,9910000000.0,3204000000.0,11661000000.0,2601000000.0,0.18838908112264519,0.8498413515135923,0.30992196209587514
0000796343,2020-05-29,quarterly,3128000000.0,3461000000.0,9920000000.0,2975000000.0,12045000000.0,2744000000.0,0.13994169096209919,0.8235782482357825,0.28733914487339146
0000796343,2020-08-28,quarterly,3225000000.0,3448000000.0,10340000000.0,3212000000.0,12436000000.0,2834000000.0,0.1379675370501059,0.8314570601479575,0.27725956899324544
0000796343,2020-11-27,quarterly,3424000000.0,3759000000.0,11340000000.0,3735000000.0,12868000000.0,2992000000.0,0.14438502673796783,0.8812558284115636,0.29211998756605534
0000796343,2021-03-05,quarterly,3905000000.0,4285000000.0,11610000000.0,4431000000.0,13682000000.0,3091000000.0,0.2633451957295374,0.8485601520245578,0.3131852068411051
0000796343,2021-06-04,quarterly,3835000000.0,4283000000.0,12230000000.0,3833000000.0,14389000000.0,3128000000.0,0.22602301790281332,0.8499548266036556,0.2976579331433734
0000796343,2021-09-03,quarterly,3935000000.0,4385000000.0,12630000000.0,4037000000.0,15099000000.0,3225000000.0,0.22015503875969,0.8364792370355653,0.29041658387972713
0000796343,2022-03-04,quarterly,4262000000.0,5019000000.0,13830000000.0,4896000000.0,15937000000.0,3424000000.0,0.24474299065420557,0.8677919307272385,0.3149275271381063
0000796343,2022-06-03,quarterly,4386000000.0,4876000000.0,13820000000.0,4243000000.0,16418000000.0,3905000000.0,0.12317541613316263,0.8417590449506639,0.2969911073212328
0000796343,2022-09-02,quarterly,4433000000.0,4943000000.0,14110000000.0,4500000000.0,17016000000.0,3835000000.0,0.1559322033898305,0.8292195580629995,0.29049130230371417
0000796343,2023-03-03,quarterly,4655000000.0,5477000000.0,15210000000.0,5189000000.0,17736000000.0,3935000000.0,0.1829733163913596,0.8575778078484438,0.3088069463238611
0000796343,2023-06-02,quarterly,4816000000.0,5381000000.0,15220000000.0,4720000000.0,18290000000.0,4262000000.0,0.12998592210229942,0.8321487151448879,0.2942044833242209
0000796343,2023-09-01,quarterly,4890000000.0,5483000000.0,15720000000.0,4992000000.0,18794000000.0,4386000000.0,0.11491108071135425,0.8364371607959987,0.29174204533361714
0000796343,2024-03-01,quarterly,5182000000.0,6110000000.0,17580000000.0,5809000000.0,19543000000.0,4433000000.0,0.1689600721858786,0.8995548278155862,0.3126439134216855
0000796343,2024-05-31,quarterly,5309000000.0,5686000000.0,17860000000.0,4885000000.0,20197000000.0,4655000000.0,0.14049409237379162,0.8842897460018815,0.2815269594494232
0000796343,2024-08-30,quarterly,5408000000.0,5906000000.0,18140000000.0,5628000000.0,20789000000.0,4816000000.0,0.12292358803986714,0.872576843523017,0.28409254894415314
0000796343,2025-02-28,quarterly,5714000000.0,6490000000.0,19690000000.0,6298000000.0,21613000000.0,4890000000.0,0.16850715746421274,0.9110257715263962,0.30028223754221994
0000796343,2025-05-30,quarterly,5873000000.0,6334000000.0,19690000000.0,5717000000.0,22304000000.0,5182000000.0,0.1333461983790043,0.8828012912482066,0.2839849354375897
0000796343,2025-08-29,quarterly,5988000000.0,6534000000.0,20440000000.0,6188000000.0,22983000000.0,5309000000.0,0.12789602561687707,0.8893530000435104,0.2842970891528521
0000796343,2026-02-27,quarterly,6398000000.0,7370000000.0,22220000000.0,7234000000.0,23973000000.0,5408000000.0,0.18306213017751483,0.926876068910858,0.3074291911734034
0000796343,2026-05-29,quarterly,6618000000.0,7250000000.0,22270000000.0,6498000000.0,24877000000.0,5714000000.0,0.15820791039551985,0.8952044056759255,0.29143385456445714
0000896878,2008-10-31,quarterly,462000000.0,,,,462000000.0,,,,
0000896878,2009-01-31,quarterly,773000000.0,,,,1235000000.0,,,,
0000896878,2009-04-30,quarterly,1417000000.0,,,,2652000000.0,,,,
0000896878,2009-07-31,quarterly,457000000.0,380000000.0,,,3109000000.0,,,,0.12222579607590865
0000896878,2009-10-31,quarterly,515000000.0,355000000.0,,490000000.0,3162000000.0,462000000.0,0.11471861471861478,,0.11227071473750791
0000896878,2010-01-31,quarterly,857000000.0,511000000.0,,1013000000.0,3246000000.0,773000000.0,0.10866752910737376,,0.1574245224892175
0000896878,2010-04-30,quarterly,1827000000.0,310000000.0,,1626000000.0,3656000000.0,1417000000.0,0.2893436838390966,,0.08479212253829321
0000896878,2010-07-31,quarterly,537000000.0,416000000.0,,643000000.0,3736000000.0,457000000.0,0.17505470459518602,,0.11134903640256959
0000896878,2010-10-31,quarterly,491000000.0,387000000.0,,462000000.0,3712000000.0,515000000.0,-0.04660194174757282,,0.10425646551724138
0000896878,2011-01-31,quarterly,911000000.0,601000000.0,,1125000000.0,3766000000.0,857000000.0,0.06301050175029177,,0.15958576739245883
0000896878,2011-04-30,quarterly,1839000000.0,376000000.0,,1614000000.0,3778000000.0,1827000000.0,0.006568144499178974,,0.09952355743779778
0000896878,2011-07-31,quarterly,573000000.0,446000000.0,,643000000.0,3814000000.0,537000000.0,0.06703910614525133,,0.11693759832197169
0000896878,2011-10-31,quarterly,562000000.0,419000000.0,,535000000.0,3885000000.0,491000000.0,0.14460285132382888,,0.10785070785070786
0000896878,2012-01-31,quarterly,884000000.0,626000000.0,,1091000000.0,3858000000.0,911000000.0,-0.029637760702524663,,0.16226023846552617
0000896878,2012-04-30,quarterly,2091000000.0,410000000.0,,1875000000.0,4110000000.0,1839000000.0,0.13703099510603578,,0.09975669099756691
0000896878,2012-07-31,quarterly,567000000.0,471000000.0,,628000000.0,4104000000.0,573000000.0,-0.010471204188481686,,0.11476608187134503
0000896878,2012-10-31,quarterly,562000000.0,461000000.0,,552000000.0,4104000000.0,562000000.0,0.0,,0.11232943469785575
0000896878,2013-01-31,quarterly,884000000.0,694000000.0,,1117000000.0,4104000000.0,884000000.0,0.0,,0.16910331384015595
0000896878,2013-04-30,quarterly,2091000000.0,466000000.0,,1863000000.0,4104000000.0,2091000000.0,0.0,,0.11354775828460038
0000896878,2013-07-31,quarterly,634000000.0,527000000.0,,695000000.0,4171000000.0,567000000.0,0.11816578483245155,,0.12634859745864302
0000896878,2013-10-31,quarterly,565000000.0,492000000.0,,530000000.0,4174000000.0,562000000.0,0.005338078291814874,,0.11787254432199329
0000896878,2014-01-31,quarterly,711000000.0,849000000.0,,1068000000.0,4001000000.0,884000000.0,-0.19570135746606332,,0.21219695076230943
0000896878,2014-04-30,quarterly,2318000000.0,512000000.0,,1981000000.0,4228000000.0,2091000000.0,0.10856049736967965,,0.12109744560075686
0000896878,2014-07-31,quarterly,649000000.0,498000000.0,,635000000.0,4243000000.0,634000000.0,0.023659305993690927,,0.11736978552910676
0000896878,2014-10-31,quarterly,612000000.0,563000000.0,,677000000.0,4290000000.0,565000000.0,0.08318584070796464,,0.13123543123543124
0000896878,2015-01-31,quarterly,749000000.0,971000000.0,,1157000000.0,4328000000.0,711000000.0,0.053445850914205284,,0.22435304990757857
0000896878,2015-04-30,quarterly,2135000000.0,941000000.0,,2105000000.0,4145000000.0,2318000000.0,-0.07894736842105265,,0.2270205066344994
0000896878,2015-07-31,quarterly,696000000.0,843000000.0,,598000000.0,4192000000.0,649000000.0,0.07241910631741133,,0.20109732824427481
0000896878,2015-10-31,quarterly,713000000.0,792000000.0,,662000000.0,4293000000.0,612000000.0,0.16503267973856217,,0.18448637316561844
0000896878,2016-01-31,quarterly,923000000.0,1114000000.0,,1245000000.0,4467000000.0,749000000.0,0.23230974632843782,,0.24938437430042534
0000896878,2016-04-30,quarterly,2304000000.0,1028000000.0,,2218000000.0,4636000000.0,2135000000.0,0.07915690866510539,,0.22174288179465057
0000896878,2016-07-31,quarterly,754000000.0,1005000000.0,,731000000.0,4694000000.0,696000000.0,0.08333333333333326,,0.21410311035364296
0000896878,2016-10-31,quarterly,778000000.0,936000000.0,,709000000.0,4759000000.0,713000000.0,0.09116409537166903,,0.19667997478461863
0000896878,2017-01-31,quarterly,1016000000.0,1254000000.0,,1334000000.0,4852000000.0,923000000.0,0.10075839653304453,,0.25845012366034625
0000896878,2017-04-30,quarterly,2541000000.0,1133000000.0,,2420000000.0,5089000000.0,2304000000.0,0.10286458333333326,,0.22263706032619376
0000896878,2017-07-31,quarterly,842000000.0,1089000000.0,,798000000.0,5177000000.0,754000000.0,0.11671087533156488,,0.21035348657523661
0000896878,2017-10-31,quarterly,910000000.0,990000000.0,,811000000.0,5309000000.0,778000000.0,0.16966580976863743,,0.18647579581842155
0000896878,2018-01-31,quarterly,1339000000.0,1290000000.0,,1639000000.0,5632000000.0,1016000000.0,0.31791338582677175,,0.22904829545454544
0000896878,2018-04-30,quarterly,2912000000.0,1213000000.0,,2835000000.0,6003000000.0,2541000000.0,0.1460055096418733,,0.2020656338497418
0000896878,2018-07-31,quarterly,864000000.0,584000000.0,,235000000.0,6025000000.0,842000000.0,0.026128266033254244,,0.09692946058091287
0000896878,2018-10-31,quarterly,1016000000.0,515000000.0,,947000000.0,6131000000.0,910000000.0,0.11648351648351651,,0.0839993475778829
0000896878,2019-01-31,quarterly,1502000000.0,642000000.0,,1629000000.0,6294000000.0,1339000000.0,0.12173263629574316,,0.10200190657769304
0000896878,2019-04-30,quarterly,3272000000.0,577000000.0,,3207000000.0,6654000000.0,2912000000.0,0.12362637362637363,,0.08671475804027652
0000896878,2019-07-31,quarterly,994000000.0,623000000.0,,1040000000.0,6784000000.0,864000000.0,0.15046296296296302,,0.09183372641509434
0000896878,2019-10-31,quarterly,1165000000.0,556000000.0,,1098000000.0,6933000000.0,1016000000.0,0.14665354330708658,,0.08019616327708062
0000896878,2020-01-31,quarterly,1696000000.0,675000000.0,,1815000000.0,7127000000.0,1502000000.0,0.1291611185086552,,0.09471025677002946
0000896878,2020-04-30,quarterly,3002000000.0,638000000.0,,2965000000.0,6857000000.0,3272000000.0,-0.08251833740831294,,0.09304360507510573
0000896878,2020-07-31,quarterly,1816000000.0,665000000.0,,1843000000.0,7679000000.0,994000000.0,0.8269617706237424,,0.08659981768459435
0000896878,2020-10-31,quarterly,1323000000.0,583000000.0,,1241000000.0,7837000000.0,1165000000.0,0.1356223175965665,,0.07439071073114713
0000896878,2021-01-31,quarterly,1576000000.0,759000000.0,,1752000000.0,7717000000.0,1696000000.0,-0.07075471698113212,,0.09835428275236491
0000896878,2021-04-30,quarterly,4173000000.0,657000000.0,,4071000000.0,8888000000.0,3002000000.0,0.3900732844770154,,0.07391989198919892
0000896878,2021-10-31,quarterly,2007000000.0,606000000.0,,1956000000.0,9079000000.0,1816000000.0,0.10517621145374445,,0.06674743914528032
0000896878,2022-01-31,quarterly,2673000000.0,827000000.0,,2894000000.0,10429000000.0,1323000000.0,1.020408163265306,,0.07929811103653274
0000896878,2022-04-30,quarterly,5632000000.0,747000000.0,,5552000000.0,14485000000.0,1576000000.0,2.5736040609137056,,0.0515705902657922
0000896878,2022-10-31,quarterly,2597000000.0,703000000.0,,2553000000.0,12909000000.0,4173000000.0,-0.37766594775940565,,0.054458129986830896
0000896878,2023-01-31,quarterly,3041000000.0,856000000.0,,3194000000.0,13943000000.0,2007000000.0,0.5151968111609366,,0.06139281359822133
0000896878,2023-04-30,quarterly,6018000000.0,833000000.0,,5995000000.0,17288000000.0,2673000000.0,1.251402918069585,,0.04818371124479408
0000896878,2023-10-31,quarterly,2978000000.0,767000000.0,,2912000000.0,14634000000.0,5632000000.0,-0.4712357954545454,,0.05241219078857455
0000896878,2024-01-31,quarterly,3386000000.0,890000000.0,,3509000000.0,15423000000.0,2597000000.0,0.30381209087408556,,0.05770602347143876
0000896878,2024-04-30,quarterly,6737000000.0,847000000.0,,6694000000.0,19119000000.0,3041000000.0,1.2153896744491943,,0.04430148020293948
0000896878,2024-10-31,quarterly,3283000000.0,895000000.0,,3331000000.0,16384000000.0,6018000000.0,-0.4544699235626454,,0.05462646484375
0000896878,2025-01-31,quarterly,3963000000.0,1028000000.0,,4096000000.0,17369000000.0,2978000000.0,0.33075889858965746,,0.05918590592434798
0000896878,2025-04-30,quarterly,7754000000.0,960000000.0,,7686000000.0,21737000000.0,3386000000.0,1.2900177200236267,,0.04416432810415421
0000896878,2025-10-31,quarterly,3885000000.0,1048000000.0,,3973000000.0,18885000000.0,6737000000.0,-0.4233338281134036,,0.055493778130791635
0000896878,2026-01-31,quarterly,4651000000.0,1143000000.0,,4746000000.0,20253000000.0,3283000000.0,0.4166920499543101,,0.05643608354317879
0000896878,2026-04-30,quarterly,8558000000.0,1057000000.0,,8472000000.0,24848000000.0,3963000000.0,1.159475145092102,,0.042538634900193176
0001108524,2008-07-31,quarterly,263077000.0,,,,263077000.0,,,,
0001108524,2008-10-31,quarterly,276487000.0,,,,539564000.0,,,,
0001108524,2009-04-30,quarterly,304924000.0,,,,844488000.0,,,,
0001108524,2009-07-31,quarterly,316061000.0,549010000.0,,,1160549000.0,,,,0.4730605945979015
0001108524,2009-10-31,quarterly,330549000.0,545435000.0,,326974000.0,1228021000.0,263077000.0,0.25647243962794164,,0.4441577139153158
0001108524,2010-01-31,quarterly,354049000.0,704348000.0,,512962000.0,1305583000.0,276487000.0,0.2805267517098453,,0.5394892549918312
0001108524,2010-04-30,quarterly,376813000.0,664529000.0,,336994000.0,1377472000.0,304924000.0,0.23576038619459272,,0.48242650304325607
0001108524,2010-07-31,quarterly,394372000.0,683019000.0,,412862000.0,1455783000.0,316061000.0,0.2477717908884678,,0.4691763813700256
0001108524,2010-10-31,quarterly,429087000.0,694557000.0,,440625000.0,1554321000.0,330549000.0,0.29810406324024585,,0.4468555723045626
0001108524,2011-01-31,quarterly,456867000.0,934941000.0,,697251000.0,1657139000.0,354049000.0,0.29040613022491235,,0.5641898476832662
0001108524,2011-04-30,quarterly,504364000.0,915133000.0,,484556000.0,1784690000.0,376813000.0,0.3384994679058313,,0.5127686040712953
0001108524,2011-07-31,quarterly,546002000.0,935266000.0,,566135000.0,1936320000.0,394372000.0,0.38448469972513255,,0.4830121054371178
0001108524,2011-10-31,quarterly,584260000.0,917821000.0,,566815000.0,2091493000.0,429087000.0,0.36163528608417406,,0.43883532003214926
0001108524,2012-01-31,quarterly,631913000.0,1380295000.0,,1094387000.0,2266539000.0,456867000.0,0.38314432865582315,,0.6089879768228122
0001108524,2012-04-30,quarterly,695467000.0,1334716000.0,,649888000.0,2457642000.0,504364000.0,0.3788989697916585,,0.5430880494392593
0001108524,2012-07-31,quarterly,731649000.0,1337184000.0,,734117000.0,2643289000.0,546002000.0,0.3400115750491757,,0.5058788501749146
0001108524,2012-10-31,quarterly,788398000.0,1291703000.0,,742917000.0,2847427000.0,584260000.0,0.34939581693081845,,0.4536386709826099
0001108524,2013-01-31,quarterly,834681000.0,1862995000.0,,1405973000.0,3050195000.0,631913000.0,0.3208796147570947,,0.6107789829830552
0001108524,2013-04-30,quarterly,892633000.0,1733160000.0,,762798000.0,3247361000.0,695467000.0,0.2835015895793762,,0.5337133752607117
0001108524,2013-07-31,quarterly,957094000.0,1789648000.0,,1013582000.0,3472806000.0,731649000.0,0.3081327248448369,,0.5153319822644858
0001108524,2013-10-31,quarterly,1076034000.0,1734619000.0,,1021005000.0,3760442000.0,788398000.0,0.3648360345916657,,0.4612806154170175
0001108524,2014-01-31,quarterly,1145242000.0,2522115000.0,,1932738000.0,4071003000.0,834681000.0,0.37207148599285245,,0.61953159946087
0001108524,2014-04-30,quarterly,1226772000.0,2324615000.0,,1029272000.0,4405142000.0,892633000.0,0.3743296517157668,,0.5277048957786151
0001108524,2014-07-31,quarterly,1318551000.0,2352904000.0,,1346840000.0,4766599000.0,957094000.0,0.3776609194081251,,0.49362323115495976
0001108524,2014-10-31,quarterly,1383655000.0,2223977000.0,,1254728000.0,5074220000.0,1076034000.0,0.2858840891644687,,0.4382894316761985
0001108524,2015-01-31,quarterly,1444608000.0,3321449000.0,,2542080000.0,5373586000.0,1145242000.0,0.26139977402156056,,0.6181066051608739
0001108524,2015-04-30,quarterly,1511167000.0,3056820000.0,,1246538000.0,5657981000.0,1226772000.0,0.2318238433873614,,0.5402669256047342
0001108524,2015-07-31,quarterly,1634684000.0,3034991000.0,,1612855000.0,5974114000.0,1318551000.0,0.2397578857397249,,0.508023616556363
0001108524,2015-10-31,quarterly,1711967000.0,2846510000.0,,1523486000.0,6302426000.0,1383655000.0,0.23727880143532887,,0.4516530618526897
0001108524,2016-01-31,quarterly,1809398000.0,4291553000.0,,3254441000.0,6667216000.0,1444608000.0,0.2525183302321461,,0.6436799107753521
0001108524,2016-04-30,quarterly,1916603000.0,4006914000.0,,1631964000.0,7072652000.0,1511167000.0,0.26829331238704923,,0.5665362865301445
0001108524,2016-07-31,quarterly,2036618000.0,3823561000.0,,1853265000.0,7474586000.0,1634684000.0,0.24587871417350393,,0.5115415087872426
0001108524,2016-10-31,quarterly,2144775000.0,3495133000.0,,1816347000.0,7907394000.0,1711967000.0,0.25281328436821515,,0.4420082014377935
0001108524,2017-01-31,quarterly,2293988000.0,5579915000.0,,4378770000.0,8391984000.0,1809398000.0,0.26781835726578684,,0.664910109456834
0001108524,2017-04-30,quarterly,2397000000.0,5042652000.0,,1859737000.0,8872381000.0,1916603000.0,0.2506502389905474,,0.5683538612690325
0001108524,2017-07-31,quarterly,2577000000.0,4818634000.0,,2352982000.0,9412763000.0,2036618000.0,0.2653330177775115,,0.5119255631954188
0001108524,2017-10-31,quarterly,2701000000.0,4392082000.0,,2274448000.0,9968988000.0,2144775000.0,0.2593395577624693,,0.4405745096693867
0001108524,2018-01-31,quarterly,2865000000.0,6995000000.0,,5467918000.0,10540000000.0,2293988000.0,0.2489167336533582,,0.6636622390891841
0001108524,2018-04-30,quarterly,3006000000.0,6201000000.0,20400000.0,2212000000.0,11149000000.0,2397000000.0,0.25406758448060085,0.0018297605166382636,0.5561933805722487
0001108524,2018-07-31,quarterly,3281000000.0,5883000000.0,21000000000.0,2963000000.0,11853000000.0,2577000000.0,0.2731858750485061,1.771703366236396,0.4963300430270817
0001108524,2018-10-31,quarterly,3392000000.0,5376000000.0,21200000000.0,2885000000.0,12544000000.0,2701000000.0,0.2558311736393928,1.6900510204081634,0.42857142857142855
0001108524,2019-01-31,quarterly,3603000000.0,8564000000.0,25700000000.0,6791000000.0,13282000000.0,2865000000.0,0.2575916230366493,1.9349495557897907,0.6447824122873062
0001108524,2019-04-30,quarterly,3737000000.0,7585000000.0,24900000000.0,2758000000.0,14013000000.0,3006000000.0,0.24318030605455765,1.7769214301006209,0.5412830942696067
0001108524,2019-07-31,quarterly,3997000000.0,7142000000.0,25300000000.0,3554000000.0,14729000000.0,3281000000.0,0.21822615056385253,1.7176997759522032,0.48489374702966936
0001108524,2019-10-31,quarterly,4513000000.0,6858000000.0,25900000000.0,4229000000.0,15850000000.0,3392000000.0,0.33048349056603765,1.6340694006309149,0.4326813880126183
0001108524,2020-01-31,quarterly,4851000000.0,10662000000.0,30800000000.0,8655000000.0,17098000000.0,3603000000.0,0.34637801831806825,1.801380278395134,0.6235817054626273
0001108524,2020-04-30,quarterly,4865000000.0,9112000000.0,29300000000.0,3315000000.0,18226000000.0,3737000000.0,0.30184640085630177,1.6075935476791396,0.49994513332601775
0001108524,2020-07-31,quarterly,5151000000.0,8711000000.0,30600000000.0,4750000000.0,19380000000.0,3997000000.0,0.28871653740305225,1.5789473684210527,0.44948400412796696
0001108524,2020-10-31,quarterly,5419000000.0,7923000000.0,30300000000.0,4631000000.0,20286000000.0,4513000000.0,0.20075337912696645,1.4936409346347235,0.39056492162082224
0001108524,2021-04-30,quarterly,5963000000.0,11158000000.0,35000000000.0,9198000000.0,21398000000.0,4851000000.0,0.22923108637394352,1.6356668847555846,0.5214506028600804
0001108524,2021-07-31,quarterly,6340000000.0,11067000000.0,36200000000.0,6249000000.0,22873000000.0,4865000000.0,0.303186022610483,1.5826520351506144,0.48384558212739914
0001108524,2021-10-31,quarterly,6863000000.0,10116000000.0,36300000000.0,5912000000.0,24585000000.0,5151000000.0,0.33236264802950877,1.476510067114094,0.411470408785845
0001108524,2022-04-30,quarterly,7411000000.0,13636000000.0,42000000000.0,10931000000.0,26577000000.0,5419000000.0,0.36759549732422947,1.5803138051698837,0.5130752154118222
0001108524,2022-07-31,quarterly,7720000000.0,12825000000.0,41600000000.0,6909000000.0,28334000000.0,5963000000.0,0.29465034378668453,1.468200748217689,0.4526364085550928
0001108524,2022-10-31,quarterly,7837000000.0,11193000000.0,40000000000.0,6205000000.0,29831000000.0,6340000000.0,0.2361198738170347,1.340886996748349,0.3752137038651068
0001108524,2023-04-30,quarterly,8247000000.0,15121000000.0,46700000000.0,12175000000.0,31215000000.0,6863000000.0,0.20166108115984271,1.4960756046772385,0.48441454428960434
0001108524,2023-07-31,quarterly,8603000000.0,14237000000.0,46600000000.0,7719000000.0,32407000000.0,7411000000.0,0.16084199163405755,1.437960934366032,0.43931866572036904
0001108524,2023-10-31,quarterly,8720000000.0,12564000000.0,48300000000.0,7047000000.0,33407000000.0,7720000000.0,0.1295336787564767,1.4458047714550843,0.3760888436555213
0001108524,2024-04-30,quarterly,9133000000.0,16061000000.0,53900000000.0,12630000000.0,34703000000.0,7837000000.0,0.1653694015567182,1.553179840359623,0.4628130132841541
0001108524,2024-07-31,quarterly,9325000000.0,15222000000.0,53500000000.0,8486000000.0,35781000000.0,8247000000.0,0.1307141991027041,1.4952069534110282,0.42542131298733965
0001108524,2024-10-31,quarterly,9444000000.0,13472000000.0,53100000000.0,7694000000.0,36622000000.0,8603000000.0,0.09775659653609203,1.4499481186172247,0.36786630986838514
0001108524,2025-04-30,quarterly,9829000000.0,17799000000.0,60900000000.0,14156000000.0,37731000000.0,8720000000.0,0.12717889908256885,1.6140574063767195,0.4717341178341417
0001108524,2025-07-31,quarterly,10236000000.0,16555000000.0,59900000000.0,8992000000.0,38834000000.0,9133000000.0,0.12077083105222819,1.5424627903383632,0.4263016943915126
0001108524,2025-10-31,quarterly,10259000000.0,14996000000.0,59500000000.0,8700000000.0,39768000000.0,9325000000.0,0.1001608579088471,1.4961778314222491,0.37708710521021926
0001108524,2026-04-30,quarterly,11133000000.0,20363000000.0,67900000000.0,16500000000.0,41457000000.0,9444000000.0,0.1788437102922491,1.6378416190269436,0.491183636056637
0001108524,2026-07-31,quarterly,11345000000.0,18787000000.0,66300000000.0,9769000000.0,42973000000.0,9829000000.0,0.15423746057584697,1.5428292183464036,0.43718148604937984
0001261333,2017-04-30,quarterly,113498000.0,,,,113498000.0,,,,
0001261333,2017-07-31,quarterly,125543000.0,,,,239041000.0,,,,
0001261333,2017-10-31,quarterly,130589000.0,,,,369630000.0,,,,
0001261333,2018-04-30,quarterly,155808000.0,290535000.0,405700000.0,,525438000.0,,,0.7721177379633754,0.5529386911490984
0001261333,2018-07-31,quarterly,167044000.0,297427000.0,424000000.0,173936000.0,578984000.0,113498000.0,0.4717792384006767,0.7323173006507951,0.5137050419355285
0001261333,2018-10-31,quarterly,178385000.0,323754000.0,493400000.0,204712000.0,631826000.0,125543000.0,0.4209075774834121,0.7809112002355079,0.5124100622639778
0001261333,2019-04-30,quarterly,213962000.0,393046000.0,574000000.0,283254000.0,715199000.0,130589000.0,0.6384381532900933,0.8025738291021101,0.549561730371547
0001261333,2019-07-31,quarterly,235612000.0,410518000.0,628600000.0,253084000.0,795003000.0,155808000.0,0.5121944957896898,0.7906888401678988,0.5163728941903364
0001261333,2019-10-31,quarterly,249502000.0,433081000.0,673300000.0,272065000.0,877461000.0,167044000.0,0.4936304207274731,0.7673275507401468,0.4935615372079215
0001261333,2020-04-30,quarterly,297017000.0,563632000.0,784900000.0,427568000.0,996093000.0,178385000.0,0.6650334949687473,0.7879786325172449,0.5658427476149316
0001261333,2020-07-31,quarterly,342209000.0,635868000.0,849000000.0,414445000.0,1124340000.0,213962000.0,0.5993914807302232,0.7551096643364107,0.5655477880356475
0001261333,2020-10-31,quarterly,382923000.0,700902000.0,937900000.0,447957000.0,1271651000.0,235612000.0,0.6252270682308201,0.7375451283410307,0.5511748113279509
0001261333,2021-04-30,quarterly,469078000.0,847782000.0,1200000000.0,615958000.0,1491227000.0,249502000.0,0.880057073690792,0.8047064598481654,0.5685130432858311
0001261333,2021-07-31,quarterly,511844000.0,932757000.0,1300000000.0,596819000.0,1706054000.0,297017000.0,0.7232818323530303,0.7619922933271749,0.5467335734976736
0001261333,2021-10-31,quarterly,545463000.0,957181000.0,1500000000.0,569887000.0,1909308000.0,342209000.0,0.5939469739252912,0.7856249489343783,0.5013235161639714
0001261333,2022-04-30,quarterly,588692000.0,1065328000.0,1600000000.0,696839000.0,2115077000.0,382923000.0,0.5373639086709339,0.7564736413851599,0.5036828446434811
0001261333,2022-07-31,quarterly,622184000.0,1088430000.0,1700000000.0,645286000.0,2268183000.0,469078000.0,0.3263977419533639,0.7494986074756754,0.47986868784397024
0001261333,2022-10-31,quarterly,645463000.0,1103439000.0,1700000000.0,660472000.0,2401802000.0,511844000.0,0.26105414931111826,0.7078018920793637,0.4594213011730359
0001261333,2023-04-30,quarterly,661388000.0,1208079000.0,1800000000.0,766028000.0,2517727000.0,545463000.0,0.2125258725156427,0.7149305703120314,0.47982922691777147
0001261333,2023-07-31,quarterly,687687000.0,1230250000.0,1900000000.0,709858000.0,2616722000.0,588692000.0,0.16816093984630331,0.7260992952250946,0.47014929365824876
0001261333,2023-10-31,quarterly,700421000.0,1226668000.0,2000000000.0,696839000.0,2694959000.0,622184000.0,0.12574576009669158,0.7421263180627238,0.4551713031626826
0001261333,2024-04-30,quarterly,709640000.0,1337067000.0,2200000000.0,820039000.0,2759136000.0,645463000.0,0.09942785256474806,0.7973510548229591,0.48459626491771335
0001261333,2024-07-31,quarterly,736027000.0,1330585000.0,2200000000.0,729545000.0,2833775000.0,661388000.0,0.1128520626319196,0.7763495690377676,0.4695450415082355
0001261333,2024-10-31,quarterly,754820000.0,1330680000.0,2300000000.0,754915000.0,2900908000.0,687687000.0,0.09762144696642516,0.7928552025779515,0.45871154824627325
0001261333,2025-04-30,quarterly,763654000.0,1447232000.0,2300000000.0,880206000.0,2964141000.0,700421000.0,0.09027856103686216,0.7759414953607132,0.48824667922342424
0001261333,2025-07-31,quarterly,800636000.0,1463461000.0,2300000000.0,816865000.0,3055137000.0,709640000.0,0.12822839749732262,0.7528303968038095,0.4790164892769129
0001261333,2025-10-31,quarterly,818350000.0,1472626000.0,2300000000.0,827515000.0,3137460000.0,736027000.0,0.11184779906171927,0.7330770750862162,0.4693688525112671
0001261333,2026-04-30,quarterly,830235000.0,1594677000.0,2300000000.0,952286000.0,3212875000.0,754820000.0,0.0999112371161337,0.7158697428315761,0.4963395712562736
0001327567,2011-10-31,quarterly,57113000.0,,,,57113000.0,,,,
0001327567,2012-01-31,quarterly,56683000.0,,,,113796000.0,,,,
0001327567,2012-04-30,quarterly,65700000.0,,,,179496000.0,,,,
0001327567,2012-07-31,quarterly,75642000.0,135808000.0,,,255138000.0,,,,0.5322923280734347
0001327567,2012-10-31,quarterly,85934000.0,160408000.0,,110534000.0,283959000.0,57113000.0,0.5046311697862134,,0.5648984536499988
0001327567,2013-01-31,quarterly,96499000.0,188183000.0,,124274000.0,323775000.0,56683000.0,0.7024328281848173,,0.5812153501660103
0001327567,2013-04-30,quarterly,101289000.0,219304000.0,,132410000.0,359364000.0,65700000.0,0.5416894977168949,,0.6102558965283111
0001327567,2013-07-31,quarterly,112385000.0,249230000.0,,142311000.0,396107000.0,75642000.0,0.48574865815287804,,0.6291986761152921
0001327567,2013-10-31,quarterly,128180000.0,278956000.0,,157906000.0,438353000.0,85934000.0,0.49160984010985165,,0.6363729688173686
0001327567,2014-01-31,quarterly,141068000.0,324591000.0,,186703000.0,482922000.0,96499000.0,0.4618597083907605,,0.6721396001838806
0001327567,2014-04-30,quarterly,150700000.0,367933000.0,,194042000.0,532333000.0,101289000.0,0.48782197474553013,,0.6911707521419863
0001327567,2014-07-31,quarterly,178231000.0,422578000.0,,232876000.0,598179000.0,112385000.0,0.5858966943987187,,0.7064407142343679
0001327567,2014-10-31,quarterly,192300000.0,470720000.0,,240442000.0,662299000.0,128180000.0,0.500234045872991,,0.7107363894555179
0001327567,2015-01-31,quarterly,217700000.0,535843000.0,,282823000.0,738931000.0,141068000.0,0.5432273797034055,,0.7251597239796409
0001327567,2015-04-30,quarterly,234200000.0,603890000.0,,302247000.0,822431000.0,150700000.0,0.5540809555408095,,0.734274364657947
0001327567,2015-07-31,quarterly,283900000.0,713700000.0,,393710000.0,928100000.0,178231000.0,0.5928766600647475,,0.7689904105161082
0001327567,2015-10-31,quarterly,297200000.0,804500000.0,,388000000.0,1033000000.0,192300000.0,0.545501820072803,,0.7787996127783156
0001327567,2016-01-31,quarterly,334700000.0,928800000.0,,459000000.0,1150000000.0,217700000.0,0.5374368396876434,,0.8076521739130434
0001327567,2016-04-30,quarterly,345800000.0,1069200000.0,,486200000.0,1261600000.0,234200000.0,0.4765157984628523,,0.8474952441344324
0001327567,2016-07-31,quarterly,400800000.0,1240800000.0,,572400000.0,1378500000.0,283900000.0,0.41176470588235303,,0.9001088139281828
0001327567,2016-10-31,quarterly,398100000.0,1359600000.0,,516900000.0,1479400000.0,297200000.0,0.3395020188425302,,0.9190212248208733
0001327567,2017-01-31,quarterly,422600000.0,1498600000.0,,561600000.0,1567300000.0,334700000.0,0.26262324469674336,,0.9561666560326676
0001327567,2017-04-30,quarterly,431800000.0,1611800000.0,,545000000.0,1653300000.0,345800000.0,0.2486986697513014,,0.9748986874735378
0001327567,2017-07-31,quarterly,509100000.0,1773500000.0,,670800000.0,1761600000.0,400800000.0,0.27020958083832336,,1.0067552225249774
0001327567,2017-10-31,quarterly,501800000.0,1864500000.0,,592800000.0,1865300000.0,398100000.0,0.26048731474503883,,0.9995711145660215
0001327567,2018-01-31,quarterly,545600000.0,1996700000.0,,677800000.0,1988300000.0,422600000.0,0.29105537150970195,,1.0042247145802947
0001327567,2018-04-30,quarterly,567700000.0,2154900000.0,,725900000.0,2124200000.0,431800000.0,0.31472904122278833,,1.0144524997646174
0001327567,2018-07-31,quarterly,658500000.0,2279300000.0,,782900000.0,2273600000.0,509100000.0,0.29345904537418965,,1.0025070372976777
0001327567,2018-10-31,quarterly,656000000.0,2384400000.0,2500000000.0,761100000.0,2427800000.0,501800000.0,0.3072937425269031,1.029738858225554,0.9821237334212044
0001327567,2019-01-31,quarterly,711200000.0,2525700000.0,2600000000.0,852500000.0,2593400000.0,545600000.0,0.30351906158357767,1.0025449217243774,0.9738952726150999
0001327567,2019-04-30,quarterly,726600000.0,2632200000.0,2700000000.0,833100000.0,2752300000.0,567700000.0,0.27990135635018487,0.9809977110053409,0.9563637684845402
0001327567,2019-07-31,quarterly,805800000.0,2888700000.0,3100000000.0,1062300000.0,2899600000.0,658500000.0,0.2236902050113896,1.0691129811008415,0.9962408608083874
0001327567,2019-10-31,quarterly,771900000.0,3016000000.0,3100000000.0,899200000.0,3015500000.0,656000000.0,0.17667682926829276,1.0280218869175923,1.000165809981761
0001327567,2020-01-31,quarterly,816700000.0,3198500000.0,3300000000.0,999200000.0,3121000000.0,711200000.0,0.14834083239595053,1.0573534123678308,1.024831784684396
0001327567,2020-04-30,quarterly,869400000.0,3370600000.0,3500000000.0,1041500000.0,3263800000.0,726600000.0,0.19653179190751446,1.0723696304920645,1.032722593296158
0001327567,2020-07-31,quarterly,950400000.0,3810200000.0,4300000000.0,1390000000.0,3408400000.0,805800000.0,0.17944899478778864,1.2615890153737823,1.1178852247388804
0001327567,2020-10-31,quarterly,946000000.0,3946800000.0,4400000000.0,1082600000.0,3582500000.0,771900000.0,0.22554735069309495,1.2281926029309143,1.10168876482903
0001327567,2021-01-31,quarterly,1016900000.0,4162400000.0,4600000000.0,1232500000.0,3782700000.0,816700000.0,0.24513285172033794,1.216062600787797,1.100378036851984
0001327567,2021-04-30,quarterly,1073900000.0,4375000000.0,4900000000.0,1286500000.0,3987200000.0,869400000.0,0.23521969174143087,1.228932584269663,1.0972612359550562
0001327567,2021-10-31,quarterly,1247400000.0,5158200000.0,6000000000.0,2030600000.0,4284200000.0,950400000.0,0.3125,1.400494841510667,1.2040054152467206
0001327567,2022-01-31,quarterly,1316900000.0,5449200000.0,6300000000.0,1607900000.0,4655100000.0,946000000.0,0.3920718816067654,1.3533543855126635,1.1705870980215247
0001327567,2022-04-30,quarterly,1386700000.0,5859400000.0,6900000000.0,1796900000.0,5024900000.0,1016900000.0,0.36365424328842555,1.3731616549583077,1.1660729566757548
0001327567,2022-10-31,quarterly,1563400000.0,7179600000.0,8300000000.0,2883600000.0,5514400000.0,1073900000.0,0.45581525281683577,1.5051501523284492,1.3019730161032932
0001327567,2023-01-31,quarterly,1655100000.0,7554000000.0,8800000000.0,2029500000.0,5922100000.0,1247400000.0,0.32683982683982693,1.4859593725198832,1.275561034092636
0001327567,2023-04-30,quarterly,1720900000.0,8089600000.0,9200000000.0,2256500000.0,6326100000.0,1316900000.0,0.30678107677120514,1.4542925341047406,1.2787657482493162
0001327567,2023-10-31,quarterly,1878100000.0,9442800000.0,10400000000.0,3231300000.0,6817500000.0,1386700000.0,0.3543664815749621,1.5254858819215256,1.3850825082508251
0001327567,2024-01-31,quarterly,1975100000.0,9818400000.0,10800000000.0,2350700000.0,7229200000.0,1563400000.0,0.2633363182806703,1.493941238311293,1.358158579095889
0001327567,2024-04-30,quarterly,1984800000.0,10167600000.0,11300000000.0,2334000000.0,7558900000.0,1655100000.0,0.19920246510784856,1.4949265104711003,1.345116352908492
0001327567,2024-10-31,quarterly,2139000000.0,11093600000.0,12600000000.0,3065000000.0,7977000000.0,1720900000.0,0.242954268115521,1.5795411808950732,1.3906982574902846
0001327567,2025-01-31,quarterly,2257000000.0,11262400000.0,13000000000.0,2425800000.0,8355900000.0,1878100000.0,0.20174644587615154,1.555786928996278,1.3478380545482833
0001327567,2025-04-30,quarterly,2289000000.0,11573600000.0,13500000000.0,2600200000.0,8669800000.0,1975100000.0,0.15892866183990684,1.5571293455443032,1.3349327550808554
0001327567,2025-10-31,quarterly,2474000000.0,12230000000.0,15500000000.0,3130400000.0,9159000000.0,1984800000.0,0.24647319629181785,1.6923244895730976,1.3352986133857407
0001327567,2026-01-31,quarterly,2594000000.0,12429000000.0,16000000000.0,2793000000.0,9614000000.0,2139000000.0,0.21271622253389433,1.6642396505096735,1.2928021635115456
0001327567,2026-04-30,quarterly,3002000000.0,13605000000.0,18400000000.0,4178000000.0,10359000000.0,2257000000.0,0.33008418254319905,1.7762332271454773,1.3133507095279466
0001327811,2011-10-31,quarterly,36450000.0,,,,36450000.0,,,,
0001327811,2012-04-30,quarterly,56818000.0,,,,93268000.0,,,,
0001327811,2012-07-31,quarterly,62702000.0,,,,155970000.0,,,,
0001327811,2012-10-31,quarterly,72618000.0,87742000.0,,,228588000.0,,,,0.383843421351952
0001327811,2013-01-31,quarterly,81519000.0,285260000.0,,279037000.0,273657000.0,36450000.0,1.2364609053497944,,1.0423997924409023
0001327811,2013-04-30,quarterly,91645000.0,300938000.0,,107323000.0,308484000.0,56818000.0,0.6129571614629168,,0.9755384395949223
0001327811,2013-07-31,quarterly,107555000.0,325618000.0,,132235000.0,353337000.0,62702000.0,0.7153360339383115,,0.9215508140953255
0001327811,2013-10-31,quarterly,127872000.0,351769000.0,,154023000.0,408591000.0,72618000.0,0.7608857308105428,,0.8609318364819587
0001327811,2014-01-31,quarterly,141866000.0,413565000.0,,203662000.0,468938000.0,81519000.0,0.7402814067886014,,0.8819182919703671
0001327811,2014-04-30,quarterly,159737000.0,461943000.0,,208115000.0,537030000.0,91645000.0,0.7429974357575426,,0.8601809954751132
0001327811,2014-07-31,quarterly,186780000.0,481473000.0,,206310000.0,616255000.0,107555000.0,0.7365998791316071,,0.7812885899505886
0001327811,2014-10-31,quarterly,215070000.0,508131000.0,,241728000.0,703453000.0,127872000.0,0.6819162912912913,,0.7223382372383087
0001327811,2015-01-31,quarterly,226273000.0,632744000.0,,350886000.0,787860000.0,141866000.0,0.5949769500796527,,0.8031173051049679
0001327811,2015-04-30,quarterly,250957000.0,653423000.0,,271636000.0,879080000.0,159737000.0,0.5710636859337537,,0.7433032261000136
0001327811,2015-07-31,quarterly,282696000.0,683088000.0,,312361000.0,974996000.0,186780000.0,0.5135239318984901,,0.7006059512039023
0001327811,2015-10-31,quarterly,305266000.0,718025000.0,,340203000.0,1065192000.0,215070000.0,0.4193797368298693,,0.6740803535888366
0001327811,2016-01-31,quarterly,323427000.0,899729000.0,,505131000.0,1162346000.0,226273000.0,0.42936629646488966,,0.7740629726432577
0001327811,2016-04-30,quarterly,347677000.0,926056000.0,,374004000.0,1259066000.0,250957000.0,0.3854046709197194,,0.7355102909617129
0001327811,2016-07-31,quarterly,373657000.0,979114000.0,,426715000.0,1350027000.0,282696000.0,0.321762600107536,,0.7252551245271391
0001327811,2016-10-31,quarterly,413522000.0,1023620000.0,,458028000.0,1458283000.0,305266000.0,0.3546284224250327,,0.7019350839308968
0001327811,2017-01-31,quarterly,439584000.0,1221543000.0,,637507000.0,1574440000.0,323427000.0,0.3591444128041259,,0.7758587180203755
0001327811,2017-04-30,quarterly,479861000.0,1200263000.0,,458581000.0,1706624000.0,347677000.0,0.3801919597787602,,0.7032966839795994
0001327811,2017-07-31,quarterly,525320000.0,1222743000.0,,547800000.0,1858287000.0,373657000.0,0.40588828792181064,,0.6579947015719315
0001327811,2017-10-31,quarterly,555389000.0,1229166000.0,,561812000.0,2000154000.0,413522000.0,0.3430700180401527,,0.614535680752582
0001327811,2018-01-31,quarterly,582480000.0,1537147000.0,,890461000.0,2143050000.0,439584000.0,0.3250709761956758,,0.7172707123025595
0001327811,2018-04-30,quarterly,618643000.0,1415064000.0,5200000000.0,496560000.0,2281832000.0,479861000.0,0.2892129179074774,2.2788706618191,0.6201438142685352
0001327811,2018-07-31,quarterly,671720000.0,1483224000.0,5500000000.0,739880000.0,2428232000.0,525320000.0,0.27868727632681023,2.2650224525498386,0.6108246658474149
0001327811,2018-10-31,quarterly,743189000.0,1570344000.0,,830309000.0,2616032000.0,555389000.0,0.3381413747841604,,0.6002770608310601
0001327811,2019-01-31,quarterly,788628000.0,1949270000.0,,1167554000.0,2822180000.0,582480000.0,0.35391429748660896,,0.6906965537279691
0001327811,2019-04-30,quarterly,825055000.0,1830150000.0,,705935000.0,3028592000.0,618643000.0,0.33365284986656274,,0.6042907067046337
0001327811,2019-07-31,quarterly,887752000.0,1885642000.0,,943244000.0,3244624000.0,671720000.0,0.3216101947239922,,0.5811588646326971
0001327811,2019-10-31,quarterly,938100000.0,1880890000.0,,933348000.0,3439535000.0,743189000.0,0.26226303134196005,,0.5468442681932296
0001327811,2020-01-31,quarterly,976299000.0,2309203000.0,,1404612000.0,3627206000.0,788628000.0,0.23797151508696124,,0.6366340924667637
0001327811,2020-04-30,quarterly,1018385000.0,2090398000.0,,799580000.0,3820536000.0,825055000.0,0.23432377235457036,,0.5471478347540764
0001327811,2020-07-31,quarterly,1061967000.0,2067920000.0,,1039489000.0,3994751000.0,887752000.0,0.19624286963025717,,0.5176592984143442
0001327811,2020-10-31,quarterly,1105960000.0,2069291000.0,,1107331000.0,4162611000.0,938100000.0,0.17893614753224596,,0.49711371060135096
0001327811,2021-01-31,quarterly,1131684000.0,2636735000.0,,1699128000.0,4317996000.0,976299000.0,0.1591571844281312,,0.6106385925322766
0001327811,2021-04-30,quarterly,1175033000.0,2426009000.0,,964307000.0,4474644000.0,1018385000.0,0.15382001895157527,,0.5421680473351623
0001327811,2021-07-31,quarterly,1260361000.0,2518589000.0,,1352941000.0,4673038000.0,1061967000.0,0.18681748114583607,,0.5389618060028615
0001327811,2021-10-31,quarterly,1327263000.0,2493911000.0,,1302585000.0,4894341000.0,1105960000.0,0.20010036529350073,,0.5095499067188003
0001327811,2022-04-30,quarterly,1434657000.0,2879427000.0,,1820173000.0,5197314000.0,1131684000.0,0.26771872713584366,,0.5540221352798773
0001327811,2022-07-31,quarterly,1535798000.0,2942730000.0,,1599101000.0,5558079000.0,1175033000.0,0.3070254197116167,,0.5294509128063851
0001327811,2022-10-31,quarterly,1599103000.0,2879335000.0,,1535708000.0,5896821000.0,1260361000.0,0.2687658535927404,,0.4882859764608761
0001327811,2023-04-30,quarterly,1684000000.0,3289750000.0,,2094415000.0,6253558000.0,1327263000.0,0.2687764218545985,,0.5260605242647466
0001327811,2023-07-31,quarterly,1787000000.0,3369461000.0,,1866711000.0,6605901000.0,1434657000.0,0.24559389456852743,,0.5100683464678021
0001327811,2023-10-31,quarterly,1866000000.0,3258796000.0,,1755335000.0,6936103000.0,1535798000.0,0.215003535621221,,0.46983096992648465
0001327811,2024-04-30,quarterly,1990000000.0,3613000000.0,,2344204000.0,7327000000.0,1599103000.0,0.24444766847413835,,0.49310768390883036
0001327811,2024-07-31,quarterly,2085000000.0,3611000000.0,,2083000000.0,7728000000.0,1684000000.0,0.2381235154394299,,0.46726190476190477
0001327811,2024-10-31,quarterly,2160000000.0,3511000000.0,,2060000000.0,8101000000.0,1787000000.0,0.20872971460548406,,0.4334032835452413
0001327811,2025-04-30,quarterly,2240000000.0,3877000000.0,,2606000000.0,8475000000.0,1866000000.0,0.20042872454448024,,0.4574631268436578
0001327811,2025-07-31,quarterly,2348000000.0,3917000000.0,,2388000000.0,8833000000.0,1990000000.0,0.17989949748743728,,0.4434506962526888
0001327811,2025-10-31,quarterly,2432000000.0,3941000000.0,,2456000000.0,9180000000.0,2085000000.0,0.1664268585131894,,0.4293028322440087
0001327811,2026-04-30,quarterly,2542000000.0,4395000000.0,,2996000000.0,9562000000.0,2160000000.0,0.17685185185185182,,0.4596318761765321
0001327811,2026-07-31,quarterly,2649000000.0,4459000000.0,,2713000000.0,9971000000.0,2240000000.0,0.18258928571428568,,0.4471968709256845
0001373715,2011-06-30,quarterly,29485000.0,,,,29485000.0,,,,
0001373715,2011-09-30,quarterly,34197000.0,,,,63682000.0,,,,
0001373715,2012-03-31,quarterly,47431000.0,,,,111113000.0,,,,
0001373715,2012-06-30,quarterly,56774000.0,113167000.0,,,167887000.0,,,,0.6740664851953992
0001373715,2012-09-30,quarterly,64345000.0,128970000.0,,80148000.0,202747000.0,29485000.0,1.1822960827539428,,0.6361129881083321
0001373715,2013-03-31,quarterly,85939000.0,178911000.0,,135880000.0,254489000.0,34197000.0,1.513056700880194,,0.7030205627748154
0001373715,2013-06-30,quarterly,102222000.0,192365000.0,,115676000.0,309280000.0,47431000.0,1.155172777297548,,0.6219768494568029
0001373715,2013-09-30,quarterly,111259000.0,210545000.0,,129439000.0,363765000.0,56774000.0,0.9596822489167576,,0.5787940016219263
0001373715,2014-03-31,quarterly,139090000.0,294223000.0,,222768000.0,438510000.0,64345000.0,1.1616287201802784,,0.6709607534605825
0001373715,2014-06-30,quarterly,166757000.0,316287000.0,,188821000.0,519328000.0,85939000.0,0.9404112219132175,,0.6090312865857416
0001373715,2014-09-30,quarterly,178712000.0,350795000.0,,213220000.0,595818000.0,102222000.0,0.7482733658116647,,0.5887620045047313
0001373715,2015-03-31,quarterly,211964000.0,463333000.0,,324502000.0,696523000.0,111259000.0,0.9051402583161812,,0.6652084712206201
0001373715,2015-06-30,quarterly,246716000.0,502694000.0,,286077000.0,804149000.0,139090000.0,0.773786756776188,,0.6251254431703578
0001373715,2015-09-30,quarterly,261150000.0,528403000.0,,286859000.0,898542000.0,166757000.0,0.5660512002494649,,0.5880671131677763
0001373715,2016-03-31,quarterly,305879000.0,682517000.0,,459993000.0,1025709000.0,178712000.0,0.7115750481221184,,0.66540997495391
0001373715,2016-06-30,quarterly,341312000.0,712985000.0,,371780000.0,1155057000.0,211964000.0,0.610235700401955,,0.6172725675009978
0001373715,2016-09-30,quarterly,357656000.0,761705000.0,,406376000.0,1265997000.0,246716000.0,0.4496668233920784,,0.6016641429640038
0001373715,2017-03-31,quarterly,428771000.0,1011993000.0,,679059000.0,1433618000.0,261150000.0,0.6418571702086924,,0.7059014325992
0001373715,2017-06-30,quarterly,448258000.0,1066795000.0,,503060000.0,1575997000.0,305879000.0,0.46547491001343677,,0.6769016692290658
0001373715,2017-09-30,quarterly,492372000.0,1124644000.0,,550221000.0,1727057000.0,341312000.0,0.44258625539096186,,0.6511910145409213
0001373715,2018-03-31,quarterly,589222000.0,1342882000.0,3800000000.0,807460000.0,1958623000.0,357656000.0,0.6474545373207774,1.9401385565267026,0.6856255644909715
0001373715,2018-06-30,quarterly,631056000.0,1365317000.0,4000000000.0,653491000.0,2160908000.0,428771000.0,0.47177864174582695,1.8510737153085648,0.6318256029409859
0001373715,2018-09-30,quarterly,673097000.0,1404461000.0,4200000000.0,712241000.0,2385747000.0,448258000.0,0.5015839092665384,1.7604549015465596,0.5886881551145197
0001373715,2019-03-31,quarterly,788926000.0,1747782000.0,5100000000.0,1132247000.0,2682301000.0,492372000.0,0.6022966375017262,1.9013526073322866,0.6515980123036155
0001373715,2019-06-30,quarterly,833904000.0,1789379000.0,5400000000.0,875501000.0,2926983000.0,589222000.0,0.41526283811534537,1.8449030964648583,0.6113390477498503
0001373715,2019-09-30,quarterly,885833000.0,1802818000.0,5600000000.0,899272000.0,3181760000.0,631056000.0,0.403731206105322,1.76003218344564,0.5666103037312682
0001373715,2020-03-31,quarterly,1046000000.0,2255742000.0,6600000000.0,1498924000.0,3554663000.0,673097000.0,0.5540107889353243,1.8567160937619123,0.6345867386022247
0001373715,2020-06-30,quarterly,1071000000.0,2282118000.0,7000000000.0,1097376000.0,3836737000.0,788926000.0,0.35754177197861403,1.8244669884852676,0.5948069935468603
0001373715,2020-09-30,quarterly,1152000000.0,2312018000.0,7300000000.0,1181900000.0,4154833000.0,833904000.0,0.3814539803142807,1.7569899921368681,0.5564647243342873
0001373715,2021-03-31,quarterly,1360000000.0,3044000000.0,8800000000.0,2091982000.0,4629000000.0,885833000.0,0.5352780941780222,1.901058543961979,0.6575934327068481
0001373715,2021-06-30,quarterly,1409000000.0,3072000000.0,9500000000.0,1437000000.0,4992000000.0,1046000000.0,0.34703632887189295,1.9030448717948718,0.6153846153846154
0001373715,2021-09-30,quarterly,1512000000.0,3002000000.0,9700000000.0,1442000000.0,5433000000.0,1071000000.0,0.41176470588235303,1.785385606478925,0.5525492361494571
0001373715,2022-03-31,quarterly,1722000000.0,3907000000.0,11500000000.0,2627000000.0,6003000000.0,1152000000.0,0.49479166666666674,1.9157088122605364,0.6508412460436448
0001373715,2022-06-30,quarterly,1752000000.0,3744000000.0,11500000000.0,1589000000.0,6395000000.0,1360000000.0,0.28823529411764715,1.7982799061767005,0.5854573885848319
0001373715,2022-09-30,quarterly,1831000000.0,3554000000.0,11400000000.0,1641000000.0,6817000000.0,1409000000.0,0.2995031937544357,1.6722898635763532,0.5213436995745929
0001373715,2023-03-31,quarterly,2096000000.0,4795000000.0,14000000000.0,3337000000.0,7401000000.0,1512000000.0,0.3862433862433863,1.8916362653695447,0.6478854208890691
0001373715,2023-06-30,quarterly,2150000000.0,4658000000.0,14200000000.0,2013000000.0,7829000000.0,1722000000.0,0.24854819976771192,1.8137693191978541,0.5949674287903947
0001373715,2023-09-30,quarterly,2288000000.0,4486000000.0,14400000000.0,2116000000.0,8365000000.0,1752000000.0,0.30593607305936077,1.7214584578601315,0.536282127913927
0001373715,2024-03-31,quarterly,2603000000.0,5800000000.0,17700000000.0,3917000000.0,9137000000.0,1831000000.0,0.42162752594210806,1.9371785049797527,0.634781656999015
0001373715,2024-06-30,quarterly,2627000000.0,5700000000.0,18600000000.0,2527000000.0,9668000000.0,2096000000.0,0.25333969465648853,1.923872569300786,0.589573851882499
0001373715,2024-09-30,quarterly,2797000000.0,5534000000.0,19500000000.0,2631000000.0,10315000000.0,2150000000.0,0.30093023255813955,1.8904507998061075,0.5365002423654871
0001373715,2025-03-31,quarterly,3088000000.0,6854000000.0,22100000000.0,4408000000.0,11115000000.0,2288000000.0,0.3496503496503496,1.9883040935672514,0.6166441745389114
0001373715,2025-06-30,quarterly,3215000000.0,6912000000.0,23900000000.0,3273000000.0,11727000000.0,2603000000.0,0.235113330772186,2.0380318922145477,0.5894090560245587
0001373715,2025-09-30,quarterly,3407000000.0,6462000000.0,24300000000.0,2957000000.0,12507000000.0,2627000000.0,0.296916634944804,1.9429119692971937,0.5166706644279203
0001373715,2026-03-31,quarterly,3770000000.0,8129000000.0,27700000000.0,5437000000.0,13480000000.0,2797000000.0,0.34787272077225606,2.0548961424332344,0.6030415430267062
0001373715,2026-06-30,quarterly,3987000000.0,8192000000.0,29000000000.0,4050000000.0,14379000000.0,3088000000.0,0.29112694300518127,2.0168300994505874,0.5697197301620419
0001393052,2012-04-30,quarterly,24509000.0,,,,24509000.0,,,,
0001393052,2012-07-31,quarterly,29455000.0,,,,53964000.0,,,,
0001393052,2012-10-31,quarterly,35796000.0,,,,89760000.0,,,,
0001393052,2013-01-31,quarterly,39788000.0,38785000.0,,,129548000.0,,,,0.2993870997622503
0001393052,2013-04-30,quarterly,42788000.0,,,,147827000.0,24509000.0,0.7458076624913297,,
0001393052,2013-07-31,quarterly,49581000.0,,,,167953000.0,29455000.0,0.6832795790188424,,
0001393052,2013-10-31,quarterly,54979000.0,53514000.0,,,187136000.0,35796000.0,0.5358978656833167,,0.28596314979480164
0001393052,2014-01-31,quarterly,62803000.0,67380000.0,,76669000.0,210151000.0,39788000.0,0.5784407359002715,,0.3206265970659193
0001393052,2014-04-30,quarterly,66721000.0,74872000.0,,74213000.0,234084000.0,42788000.0,0.5593390670281386,,0.31985099366039543
0001393052,2014-07-31,quarterly,75664000.0,85303000.0,,86095000.0,260167000.0,49581000.0,0.5260684536415159,,0.32787786306487754
0001393052,2014-10-31,quarterly,83825000.0,84668000.0,,83190000.0,289013000.0,54979000.0,0.5246730569853943,,0.2929556801943165
0001393052,2015-01-31,quarterly,87012000.0,112960000.0,,115304000.0,313222000.0,62803000.0,0.3854752161520947,,0.360638780162313
0001393052,2015-04-30,quarterly,89923000.0,111276000.0,,88239000.0,336424000.0,66721000.0,0.34774658653197643,,0.33076118231755164
0001393052,2015-07-31,quarterly,98107000.0,109518000.0,,96349000.0,358867000.0,75664000.0,0.2966139775851131,,0.3051771269021671
0001393052,2015-10-31,quarterly,106921000.0,102053000.0,,99456000.0,381963000.0,83825000.0,0.27552639427378467,,0.2671803289847446
0001393052,2016-01-31,quarterly,114270000.0,157419000.0,,169636000.0,409221000.0,87012000.0,0.31326713556750785,,0.38467967186434715
0001393052,2016-04-30,quarterly,119764000.0,180776000.0,,143121000.0,439062000.0,89923000.0,0.3318505832768035,,0.41173228382324134
0001393052,2016-07-31,quarterly,131347000.0,176718000.0,,127289000.0,472302000.0,98107000.0,0.33881374417727583,,0.3741631413798798
0001393052,2016-10-31,quarterly,142779000.0,137051000.0,,103112000.0,508160000.0,106921000.0,0.33536910429195377,,0.2697004880352645
0001393052,2017-01-31,quarterly,150153000.0,213562000.0,,226664000.0,544043000.0,114270000.0,0.31401942767130486,,0.39254617741612335
0001393052,2017-04-30,quarterly,159772000.0,238046000.0,,184256000.0,584051000.0,119764000.0,0.33405697872482554,,0.4075774204649936
0001393052,2017-07-31,quarterly,167795000.0,222685000.0,,152434000.0,620499000.0,131347000.0,0.2774939663639062,,0.3588805139089668
0001393052,2017-10-31,quarterly,177008000.0,173358000.0,,127681000.0,654728000.0,142779000.0,0.23973413457161064,,0.2647786561747779
0001393052,2018-01-31,quarterly,185984000.0,266939000.0,,279565000.0,690559000.0,150153000.0,0.23862993080391326,,0.3865549504097405
0001393052,2018-04-30,quarterly,195547000.0,289560000.0,,218168000.0,726334000.0,159772000.0,0.22391282577673177,,0.3986595698397707
0001393052,2018-07-31,quarterly,209609000.0,259170000.0,,179219000.0,768148000.0,167795000.0,0.2491969367382818,,0.3373959184948734
0001393052,2018-10-31,quarterly,224731000.0,196159000.0,,161720000.0,815871000.0,177008000.0,0.2696092831962398,,0.24042894035944407
0001393052,2019-01-31,quarterly,232323000.0,356357000.0,,392521000.0,862210000.0,185984000.0,0.24915584136269797,,0.4133065030561
0001393052,2019-04-30,quarterly,244752000.0,363943000.0,,252338000.0,911415000.0,195547000.0,0.25162748597523876,,0.3993164475019612
0001393052,2019-07-31,quarterly,266900000.0,329053000.0,,232010000.0,968706000.0,209609000.0,0.2733231874585538,,0.3396830410878017
0001393052,2019-10-31,quarterly,280921000.0,250674000.0,,202542000.0,1024896000.0,224731000.0,0.2500322607917911,,0.2445848164106407
0001393052,2020-01-31,quarterly,311508000.0,468887000.0,,529721000.0,1104081000.0,232323000.0,0.3408401234488192,,0.4246853265294847
0001393052,2020-04-30,quarterly,337106000.0,470262000.0,,338481000.0,1196435000.0,244752000.0,0.37733705955416097,,0.393052694045226
0001393052,2020-07-31,quarterly,353683000.0,421167000.0,,304588000.0,1283218000.0,266900000.0,0.32515174222555254,,0.32821157433888865
0001393052,2020-10-31,quarterly,377519000.0,331166000.0,,287518000.0,1379816000.0,280921000.0,0.34386179744483325,,0.240007363300614
0001393052,2021-01-31,quarterly,396761000.0,616992000.0,,682587000.0,1465069000.0,311508000.0,0.27367836460058803,,0.42113511377279844
0001393052,2021-04-30,quarterly,433573000.0,608673000.0,,425254000.0,1561536000.0,337106000.0,0.28616221603887215,,0.389791205582196
0001393052,2021-07-31,quarterly,455594000.0,558720000.0,,405641000.0,1663447000.0,353683000.0,0.2881422064390995,,0.33588085463498385
0001393052,2021-10-31,quarterly,476111000.0,417755000.0,,335146000.0,1762039000.0,377519000.0,0.261157716565259,,0.23708612578949728
0001393052,2022-04-30,quarterly,505102000.0,723721000.0,,811068000.0,1870380000.0,396761000.0,0.2730636327663254,,0.3869379484382853
0001393052,2022-07-31,quarterly,534218000.0,684642000.0,,495139000.0,1971025000.0,433573000.0,0.23212930694485134,,0.3473532806534671
0001393052,2022-10-31,quarterly,552351000.0,510098000.0,,377807000.0,2067782000.0,455594000.0,0.21237549221455954,,0.24668848070057675
0001393052,2023-04-30,quarterly,526325000.0,869920000.0,,886147000.0,2117996000.0,476111000.0,0.10546700244270779,,0.4107278767287568
0001393052,2023-07-31,quarterly,590225000.0,836500000.0,,556805000.0,2203119000.0,505102000.0,0.16852635705263497,,0.3796889773089879
0001393052,2023-10-31,quarterly,616505000.0,644463000.0,,424468000.0,2285406000.0,534218000.0,0.15403262338595858,,0.281990595981633
0001393052,2024-04-30,quarterly,650345000.0,1029455000.0,,1035337000.0,2383400000.0,552351000.0,0.17741255107712317,,0.4319270789628262
0001393052,2024-07-31,quarterly,676181000.0,956381000.0,,603107000.0,2533256000.0,526325000.0,0.28472141737519596,,0.3775303403998648
0001393052,2024-10-31,quarterly,699207000.0,739657000.0,,482483000.0,2642238000.0,590225000.0,0.18464483883264848,,0.27993579685100284
0001393052,2025-04-30,quarterly,759043000.0,1246235000.0,,1265621000.0,2784776000.0,616505000.0,0.2312033154637838,,0.44751714321008224
0001393052,2025-07-31,quarterly,789081000.0,1107696000.0,,650542000.0,2923512000.0,650345000.0,0.21332677271294465,,0.37889223646080467
0001393052,2025-10-31,quarterly,811236000.0,822466000.0,,526006000.0,3058567000.0,676181000.0,0.19973202441358162,,0.2689056672618256
0001393052,2026-04-30,quarterly,882948000.0,1476539000.0,,1537021000.0,3242308000.0,699207000.0,0.262784840540784,,0.45539751312953614
0001393052,2026-07-31,quarterly,927963000.0,1310498000.0,,761922000.0,3411228000.0,759043000.0,0.2225433868700455,,0.38417191697535313
0001404655,2013-03-31,quarterly,16740000.0,,,,16740000.0,,,,
0001404655,2013-06-30,quarterly,18336000.0,,,,35076000.0,,,,
0001404655,2013-09-30,quarterly,20179000.0,,,,55255000.0,,,,
0001404655,2013-12-31,quarterly,22379000.0,24906000.0,,,77634000.0,,,,0.32081304583043513
0001404655,2014-03-31,quarterly,24174000.0,,,,85068000.0,16740000.0,0.44408602150537635,,
0001404655,2014-06-30,quarterly,27098000.0,,,,93830000.0,18336000.0,0.4778577661431065,,
0001404655,2014-09-30,quarterly,30448000.0,34672000.0,,,104099000.0,20179000.0,0.5088953862926806,,0.33306756068742255
0001404655,2014-12-31,quarterly,34157000.0,41305000.0,,40790000.0,115877000.0,22379000.0,0.5262969748424862,,0.3564555520077323
0001404655,2015-03-31,quarterly,38166000.0,46996000.0,,43857000.0,129869000.0,24174000.0,0.5788036733680815,,0.3618723482894301
0001404655,2015-06-30,quarterly,42941000.0,50246000.0,,46191000.0,145712000.0,27098000.0,0.5846556941471694,,0.34483089930822447
0001404655,2015-09-30,quarterly,47711000.0,54998000.0,,52463000.0,162975000.0,30448000.0,0.5669666316342616,,0.3374628010431048
0001404655,2015-12-31,quarterly,53126000.0,65139000.0,,63267000.0,181944000.0,34157000.0,0.5553473665720057,,0.3580167524073341
0001404655,2016-03-31,quarterly,58960000.0,73954000.0,,67775000.0,202738000.0,38166000.0,0.5448304773882513,,0.3647762136353323
0001404655,2016-06-30,quarterly,64974000.0,77182000.0,,68202000.0,224771000.0,42941000.0,0.513099368901516,,0.34338059625129574
0001404655,2016-09-30,quarterly,70589000.0,84246000.0,,77653000.0,247649000.0,47711000.0,0.47951206220787657,,0.3401830817003097
0001404655,2016-12-31,quarterly,76444000.0,96597000.0,,88795000.0,270967000.0,53126000.0,0.438918796822648,,0.356489904674739
0001404655,2017-03-31,quarterly,82252000.0,105571000.0,,91226000.0,294259000.0,58960000.0,0.39504748982360915,,0.35876897563031207
0001404655,2017-06-30,quarterly,89093000.0,111313000.0,,94835000.0,318378000.0,64974000.0,0.3712100224705266,,0.34962528817945965
0001404655,2017-09-30,quarterly,97726000.0,120158000.0,,106571000.0,345515000.0,70589000.0,0.3844366686027567,,0.3477649306108273
0001404655,2017-12-31,quarterly,106541000.0,139157000.0,,125540000.0,375612000.0,76444000.0,0.39371304484328395,,0.3704807088165447
0001404655,2018-03-31,quarterly,114556000.0,150784000.0,74300000.0,126183000.0,407916000.0,82252000.0,0.3927442493799542,0.18214534364918267,0.3696447307779053
0001404655,2018-06-30,quarterly,122576000.0,153797000.0,77600000.0,125589000.0,441399000.0,89093000.0,0.3758207715533206,0.17580465746410845,0.3484307848454573
0001404655,2018-09-30,quarterly,131826000.0,162641000.0,89400000.0,140670000.0,475499000.0,97726000.0,0.3489347768250004,0.1880130136971897,0.3420427803213046
0001404655,2018-12-31,quarterly,144022000.0,185484000.0,126400000.0,166865000.0,512980000.0,106541000.0,0.35179883800602596,0.2464033685523802,0.3615813482007096
0001404655,2019-03-31,quarterly,151798000.0,193456000.0,134400000.0,159770000.0,550222000.0,114556000.0,0.32509864171235026,0.2442650421102755,0.35159626478039774
0001404655,2019-06-30,quarterly,163255000.0,198128000.0,142100000.0,167927000.0,590901000.0,122576000.0,0.33186757603446027,0.2404802158060318,0.3352981294666958
0001404655,2019-09-30,quarterly,173621000.0,203606000.0,153500000.0,179099000.0,632696000.0,131826000.0,0.31704671309149934,0.24261256590842994,0.32180699735734064
0001404655,2019-12-31,quarterly,186186000.0,234088000.0,178400000.0,216668000.0,674860000.0,144022000.0,0.2927608282068017,0.26435112467771094,0.3468689802329372
0001404655,2020-03-31,quarterly,198968000.0,242247000.0,183700000.0,207127000.0,722030000.0,151798000.0,0.31074190700799753,0.25442156143096545,0.3355082198800604
0001404655,2020-06-30,quarterly,203608000.0,241015000.0,189100000.0,202376000.0,762383000.0,163255000.0,0.2471777280940859,0.24803805961045827,0.3161337542941015
0001404655,2020-09-30,quarterly,228385000.0,259116000.0,214300000.0,246486000.0,817147000.0,173621000.0,0.31542267352451603,0.2622539151462344,0.3170983923333256
0001404655,2020-12-31,quarterly,252065000.0,316502000.0,255600000.0,309451000.0,883026000.0,186186000.0,0.3538343377053055,0.28945920052184193,0.3584288571344445
0001404655,2021-03-31,quarterly,281365000.0,339410000.0,269400000.0,304273000.0,965423000.0,198968000.0,0.4141218688432311,0.27904866571440706,0.35156610107693725
0001404655,2021-06-30,quarterly,310788000.0,362233000.0,305800000.0,333611000.0,1072603000.0,203608000.0,0.526403677655102,0.28510082481589183,0.3377139538114288
0001404655,2021-09-30,quarterly,339195000.0,375879000.0,329700000.0,352841000.0,1183413000.0,228385000.0,0.4851894826718042,0.27860096179440313,0.3176228417298103
0001404655,2022-03-31,quarterly,395599000.0,462616000.0,406900000.0,482336000.0,1326947000.0,252065000.0,0.5694324876519945,0.30664374688665036,0.3486318594487949
0001404655,2022-06-30,quarterly,421755000.0,474087000.0,423700000.0,433226000.0,1467337000.0,281365000.0,0.49896042507063787,0.288754389755046,0.32309346796271066
0001404655,2022-09-30,quarterly,443958000.0,473724000.0,465000000.0,443595000.0,1600507000.0,310788000.0,0.42849144754623736,0.29053293737546915,0.29598371016184244
0001404655,2023-03-31,quarterly,501620000.0,577267000.0,622300000.0,605163000.0,1762932000.0,339195000.0,0.4788543463199635,0.35299149371615013,0.3274471165081807
0001404655,2023-06-30,quarterly,529138000.0,590502000.0,671900000.0,542373000.0,1896471000.0,395599000.0,0.33756152063073963,0.3542896253093245,0.31136885299063366
0001404655,2023-09-30,quarterly,557557000.0,582492000.0,687000000.0,549547000.0,2032273000.0,421755000.0,0.32199262605066914,0.3380451346841689,0.2866209411826069
0001404655,2024-03-31,quarterly,617414000.0,701794000.0,827100000.0,736716000.0,2205729000.0,443958000.0,0.3907036251176914,0.3749780684753204,0.31816873242361143
0001404655,2024-06-30,quarterly,637230000.0,712719000.0,867200000.0,648155000.0,2341339000.0,501620000.0,0.2703440851640684,0.37038634729955805,0.3044065810205186
0001404655,2024-09-30,quarterly,669721000.0,723827000.0,939700000.0,680829000.0,2481922000.0,529138000.0,0.2656830543260926,0.3786178614799337,0.29163970503504943
0001404655,2025-03-31,quarterly,714137000.0,840877000.0,1136000000.0,831187000.0,2638502000.0,557557000.0,0.2808322736509452,0.43054733329745437,0.3186948503355313
0001404655,2025-06-30,quarterly,760866000.0,894290000.0,1300000000.0,814279000.0,2781954000.0,617414000.0,0.23234328991568054,0.4672974463272937,0.3214611025200273
0001404655,2025-09-30,quarterly,809518000.0,888768000.0,1400000000.0,803996000.0,2954242000.0,637230000.0,0.27037019600458234,0.4738948264901792,0.3008446836785883
0001404655,2026-03-31,quarterly,880995000.0,1044748000.0,1700000000.0,1036975000.0,3165516000.0,669721000.0,0.3154656939232905,0.5370372476398793,0.3300403472925109
0001404655,2026-06-30,quarterly,911740000.0,1062730000.0,1700000000.0,929722000.0,3363119000.0,714137000.0,0.27670180931669974,0.5054831541792009,0.31599536025933067
0001441816,2016-10-31,quarterly,26305000.0,,,,26305000.0,,,,
0001441816,2017-04-30,quarterly,32390000.0,,,,58695000.0,,,,
0001441816,2017-07-31,quarterly,35600000.0,,,,94295000.0,,,,
0001441816,2017-10-31,quarterly,41488000.0,114773000.0,,,135783000.0,,,,0.8452678170315872
0001441816,2018-04-30,quarterly,50139000.0,141845000.0,,77211000.0,159617000.0,26305000.0,0.906063486029272,,0.8886584762274695
0001441816,2018-07-31,quarterly,59611000.0,145761000.0,,63527000.0,186838000.0,32390000.0,0.8404137079345477,,0.7801464370203064
0001441816,2018-10-31,quarterly,71782000.0,153838000.0,,79859000.0,223020000.0,35600000.0,1.0163483146067414,,0.6897946372522644
0001441816,2019-04-30,quarterly,89388000.0,143695000.0,178800000.0,79245000.0,270920000.0,41488000.0,1.1545507134593134,0.659973423888971,0.5303964269895172
0001441816,2019-07-31,quarterly,99368000.0,150199000.0,175700000.0,105872000.0,320149000.0,50139000.0,0.9818504557330621,0.5488069617584312,0.46915342543628125
0001441816,2019-10-31,quarterly,109441000.0,152390000.0,187800000.0,111632000.0,369979000.0,59611000.0,0.8359195450504102,0.5075963770916728,0.41188824230564436
0001441816,2020-04-30,quarterly,130329000.0,193021000.0,209700000.0,170960000.0,428526000.0,71782000.0,0.8156223008553676,0.4893518712983576,0.450430078921699
0001441816,2020-07-31,quarterly,138281000.0,195016000.0,221200000.0,140276000.0,477419000.0,89388000.0,0.5469749854566608,0.46332466868725375,0.40847976305928335
0001441816,2020-10-31,quarterly,150771000.0,195819000.0,217700000.0,151574000.0,528822000.0,99368000.0,0.5172993317768295,0.41166971116935375,0.37029283955659936
0001441816,2021-04-30,quarterly,181648000.0,248303000.0,284100000.0,234132000.0,601029000.0,109441000.0,0.6597801555175848,0.47268933778569755,0.4131298156994088
0001441816,2021-07-31,quarterly,198747000.0,249277000.0,280600000.0,199721000.0,669447000.0,130329000.0,0.5249637455976797,0.4191519268889098,0.3723625619354482
0001441816,2021-10-31,quarterly,226893000.0,297945000.0,353400000.0,275561000.0,758059000.0,138281000.0,0.6408111020313709,0.4661906263232809,0.3930366897563382
0001441816,2022-04-30,quarterly,285447000.0,375469000.0,,362971000.0,892735000.0,150771000.0,0.8932487016733988,,0.42058281572919176
0001441816,2022-07-31,quarterly,303660000.0,375171000.0,,303362000.0,1014747000.0,181648000.0,0.6716947062450453,,0.3697187574833924
0001441816,2022-10-31,quarterly,333621000.0,398173000.0,,356623000.0,1149621000.0,198747000.0,0.6786215640990807,,0.34635153672384206
0001441816,2023-04-30,quarterly,368280000.0,412753000.0,,382860000.0,1291008000.0,226893000.0,0.6231439489098385,,0.3197137430596867
0001441816,2023-07-31,quarterly,423791000.0,368641000.0,,379679000.0,1429352000.0,285447000.0,0.48465739699488863,,0.2579077791894509
0001441816,2023-10-31,quarterly,432938000.0,320761000.0,,385058000.0,1558630000.0,303660000.0,0.42573272739247847,,0.20579675740875
0001441816,2024-04-30,quarterly,450561000.0,340130000.0,,469930000.0,1675570000.0,333621000.0,0.35051750339457044,,0.20299360814528788
0001441816,2024-07-31,quarterly,478109000.0,322726000.0,,460705000.0,1785399000.0,368280000.0,0.2982214619311394,,0.1807584747162959
0001441816,2024-10-31,quarterly,529375000.0,304912000.0,,511561000.0,1890983000.0,423791000.0,0.24914167596763503,,0.16124523594342202
0001441816,2025-04-30,quarterly,549014000.0,320062000.0,774300000.0,564164000.0,2007059000.0,432938000.0,0.2681122932151947,0.38578835998343847,0.15946815713937657
0001441816,2025-07-31,quarterly,591402000.0,309151000.0,794200000.0,580491000.0,2147900000.0,450561000.0,0.3125903040875708,0.3697565063550445,0.14393174728804878
0001441816,2025-10-31,quarterly,628309000.0,367046000.0,994300000.0,686204000.0,2298100000.0,478109000.0,0.3141543037257195,0.4326617640659675,0.15971715765197336
0001441816,2026-04-30,quarterly,687616000.0,432312000.0,1458600000.0,752882000.0,2456341000.0,529375000.0,0.2989204250295159,0.5938100613880565,0.17599836504784963
0001447669,2015-06-30,quarterly,37954000.0,,,,37954000.0,,,,
0001447669,2015-09-30,quarterly,44262000.0,,,,82216000.0,,,,
0001447669,2016-03-31,quarterly,59340000.0,,,,141556000.0,,,,
0001447669,2016-06-30,quarterly,64510000.0,8707000.0,,,206066000.0,,,,0.042253452777265534
0001447669,2016-09-30,quarterly,71533000.0,9492000.0,,72318000.0,239645000.0,37954000.0,0.8847288823312431,,0.03960858770264349
0001447669,2017-03-31,quarterly,87372000.0,11108000.0,,88988000.0,282755000.0,44262000.0,0.9739731598210655,,0.03928489328217007
0001447669,2017-06-30,quarterly,95870000.0,12583000.0,,97345000.0,319285000.0,59340000.0,0.6156049882035726,,0.03940993156584243
0001447669,2017-09-30,quarterly,100542000.0,13599000.0,,101558000.0,355317000.0,64510000.0,0.5585490621609053,,0.03827286620116684
0001447669,2018-03-31,quarterly,129116000.0,7343000.0,,122860000.0,412900000.0,71533000.0,0.8049851117665972,,0.017783967062242674
0001447669,2018-06-30,quarterly,147754000.0,9056000.0,,149467000.0,473282000.0,87372000.0,0.6910909673579637,,0.019134469512890835
0001447669,2018-09-30,quarterly,168895000.0,10208000.0,,170047000.0,546307000.0,95870000.0,0.7617085636799834,,0.01868546440005345
0001447669,2019-03-31,quarterly,233139000.0,23348000.0,,246279000.0,678904000.0,100542000.0,1.3188219848421556,,0.034390723872594654
0001447669,2019-06-30,quarterly,275039000.0,24898000.0,,276589000.0,824827000.0,129116000.0,1.1301697698193873,,0.03018572379420169
0001447669,2019-09-30,quarterly,295066000.0,26015000.0,,296183000.0,972139000.0,147754000.0,0.9970085412239262,,0.026760576419627233
0001447669,2020-03-31,quarterly,364868000.0,26706000.0,,365559000.0,1168112000.0,168895000.0,1.1603244619438113,,0.022862533729642365
0001447669,2020-06-30,quarterly,400849000.0,29111000.0,,403254000.0,1335822000.0,233139000.0,0.7193562638597575,,0.021792574160329745
0001447669,2020-09-30,quarterly,447969000.0,33916000.0,,452774000.0,1508752000.0,275039000.0,0.6287471958522246,,0.02247950624091965
0001447669,2021-03-31,quarterly,589988000.0,93516000.0,,649588000.0,1803674000.0,295066000.0,0.9995119735923488,,0.051847506811097795
0001447669,2021-06-30,quarterly,668931000.0,98723000.0,,674138000.0,2107737000.0,364868000.0,0.8333506912088755,,0.04683838638312086
0001447669,2021-09-30,quarterly,740176000.0,121337000.0,,762790000.0,2447064000.0,400849000.0,0.8465207596875632,,0.04958472684000092
0001447669,2022-03-31,quarterly,875363000.0,139671000.0,152700000.0,893697000.0,2874458000.0,447969000.0,0.9540704825557125,0.053123058329605094,0.04859037773381973
0001447669,2022-06-30,quarterly,943354000.0,137728000.0,140800000.0,941411000.0,3227824000.0,589988000.0,0.5989376055106206,0.04362071785822275,0.04266899310495244
0001447669,2022-09-30,quarterly,983030000.0,135610000.0,122100000.0,980912000.0,3541923000.0,668931000.0,0.46955366099044604,0.03447279909811704,0.038287111266958655
0001447669,2023-03-31,quarterly,1006564000.0,136517000.0,165900000.0,1007471000.0,3808311000.0,740176000.0,0.3598981863772941,0.04356261870419721,0.035847124880294706
0001447669,2023-06-30,quarterly,1037761000.0,139434000.0,123400000.0,1040678000.0,3970709000.0,875363000.0,0.18552074967756238,0.03107757329988171,0.03511564307532987
0001447669,2023-09-30,quarterly,1033670000.0,145955000.0,128800000.0,1040191000.0,4061025000.0,943354000.0,0.09573924528861921,0.03171613077979082,0.03594043375748733
0001447669,2024-03-31,quarterly,1047050000.0,142372000.0,150600000.0,1043467000.0,4125045000.0,983030000.0,0.06512517420628061,0.03650869263244401,0.03451404772553996
0001447669,2024-06-30,quarterly,1082502000.0,138745000.0,152600000.0,1078875000.0,4200983000.0,1006564000.0,0.0754427935034434,0.03632483159298669,0.03302679396703105
0001447669,2024-09-30,quarterly,1133649000.0,138752000.0,148100000.0,1133656000.0,4296871000.0,1037761000.0,0.09239892422243656,0.03446694117649797,0.03229140460581665
0001447669,2025-03-31,quarterly,1172463000.0,154047000.0,169400000.0,1187758000.0,4435664000.0,1033670000.0,0.1342720597482756,0.03819044905114544,0.03472918597982173
0001447669,2025-06-30,quarterly,1228425000.0,148009000.0,158800000.0,1222387000.0,4617039000.0,1047050000.0,0.1732247743660762,0.034394338016204756,0.03205712578992727
0001447669,2025-09-30,quarterly,1300402000.0,159165000.0,168700000.0,1311558000.0,4834939000.0,1082502000.0,0.2012929306366178,0.03489185696034634,0.03291975348603157
0001447669,2026-03-31,quarterly,1406907000.0,159569000.0,158500000.0,1407311000.0,5108197000.0,1133649000.0,0.2410428624733052,0.03102856056647776,0.031237832056986055
0001447669,2026-06-30,quarterly,1499089000.0,153004000.0,138200000.0,1492524000.0,5434823000.0,1172463000.0,0.27858107249439845,0.02542861101456294,0.028152526770421044
0001477333,2018-09-30,quarterly,50070000.0,,,,50070000.0,,,,
0001477333,2019-03-31,quarterly,61727000.0,,,,111797000.0,,,,
0001477333,2019-06-30,quarterly,67424000.0,,,,179221000.0,,,,
0001477333,2019-09-30,quarterly,73941000.0,30651000.0,188700000.0,,253162000.0,,,0.7453725282625354,0.12107267283399563
0001477333,2020-03-31,quarterly,91250000.0,38092000.0,233000000.0,98691000.0,294342000.0,50070000.0,0.8224485719992012,0.7915961704411875,0.12941408293753526
0001477333,2020-06-30,quarterly,99721000.0,45018000.0,274000000.0,106647000.0,332336000.0,61727000.0,0.6155167106776613,0.8244668046796013,0.13545929420827116
0001477333,2020-09-30,quarterly,114162000.0,50072000.0,341900000.0,119216000.0,379074000.0,67424000.0,0.6931953013763645,0.9019347145939843,0.1320903042677683
0001477333,2021-03-31,quarterly,138055000.0,71482000.0,438800000.0,159465000.0,443188000.0,73941000.0,0.8670967392921383,0.9900990099009901,0.16129046815346987
0001477333,2021-06-30,quarterly,152428000.0,84557000.0,483900000.0,165503000.0,504366000.0,91250000.0,0.6704438356164384,0.9594223242645222,0.16765007950575575
0001477333,2021-09-30,quarterly,172347000.0,96976000.0,545400000.0,184766000.0,576992000.0,99721000.0,0.7282919344972474,0.9452470744828351,0.16807165437302424
0001477333,2022-03-31,quarterly,212167000.0,137227000.0,688400000.0,252418000.0,674997000.0,114162000.0,0.858473047073457,1.0198563845468942,0.20330016281553845
0001477333,2022-06-30,quarterly,234517000.0,162652000.0,760400000.0,259942000.0,771459000.0,138055000.0,0.6987215240302778,0.9856648247022849,0.2108368688420253
0001477333,2022-09-30,quarterly,253857000.0,180084000.0,830800000.0,271289000.0,872888000.0,152428000.0,0.6654223633453171,0.9517830466222471,0.2063082548963899
0001477333,2023-03-31,quarterly,290175000.0,252260000.0,958900000.0,362351000.0,990716000.0,172347000.0,0.6836672526936936,0.9678858522523105,0.2546239285526831
0001477333,2023-06-30,quarterly,308494000.0,286839000.0,1036200000.0,343073000.0,1087043000.0,212167000.0,0.4540149976197996,0.9532281611674975,0.26387088643227546
0001477333,2023-09-30,quarterly,335603000.0,311454000.0,1083000000.0,360218000.0,1188129000.0,234517000.0,0.4310391144352008,0.9115171837401495,0.26213820216491646
0001477333,2024-03-31,quarterly,378602000.0,373888000.0,1342800000.0,441036000.0,1312874000.0,253857000.0,0.4913987008433882,1.0227942666242154,0.2847858971995789
0001477333,2024-06-30,quarterly,400996000.0,394547000.0,1421000000.0,421655000.0,1423695000.0,290175000.0,0.38191091582665626,0.9981070383754947,0.2771288794299341
0001477333,2024-09-30,quarterly,430082000.0,411785000.0,1503400000.0,447320000.0,1545283000.0,308494000.0,0.39413408364506286,0.9728962267752898,0.26647869678240166
0001477333,2025-03-31,quarterly,479087000.0,535649000.0,1864200000.0,602951000.0,1688767000.0,335603000.0,0.4275408741876563,1.1038822999265145,0.31718348357114984
0001477333,2025-06-30,quarterly,512316000.0,582503000.0,1976700000.0,559170000.0,1822481000.0,378602000.0,0.35317827164146,1.0846203609255733,0.319620890423549
0001477333,2025-09-30,quarterly,562027000.0,644878000.0,2143100000.0,624402000.0,1983512000.0,400996000.0,0.4015775718461032,1.0804572898979183,0.32511928337211976
0001477333,2026-03-31,quarterly,639755000.0,794971000.0,2543500000.0,789848000.0,2193185000.0,430082000.0,0.48751865923242543,1.159728887439956,0.3624732979661998
0001477333,2026-06-30,quarterly,696061000.0,852439000.0,2732000000.0,753529000.0,2410159000.0,479087000.0,0.452890602333188,1.133535173405572,0.3536857941737454
0001561550,2018-09-30,quarterly,51074000.0,,,,51074000.0,,,,
0001561550,2019-03-31,quarterly,70050000.0,,,,121124000.0,,,,
0001561550,2019-06-30,quarterly,83222000.0,,,,204346000.0,,,,
0001561550,2019-09-30,quarterly,95864000.0,121793000.0,,,300210000.0,,,,0.4056926817894141
0001561550,2020-03-31,quarterly,131248000.0,145182000.0,,154637000.0,380384000.0,51074000.0,1.5697615224967696,,0.3816722049297552
0001561550,2020-06-30,quarterly,140012000.0,165275000.0,,160105000.0,450346000.0,70050000.0,0.9987437544610993,,0.3669955989394821
0001561550,2020-09-30,quarterly,154675000.0,166454000.0,,155854000.0,521799000.0,83222000.0,0.8585830669774819,,0.31900022805716377
0001561550,2021-03-31,quarterly,198549000.0,229275000.0,,261370000.0,624484000.0,95864000.0,1.0711528832512727,,0.3671431133543854
0001561550,2021-06-30,quarterly,233549000.0,265927000.0,,270201000.0,726785000.0,131248000.0,0.7794480677800804,,0.3658950033366126
0001561550,2021-09-30,quarterly,270488000.0,304216000.0,,308777000.0,857261000.0,140012000.0,0.9318915521526727,,0.3548697537856032
0001561550,2022-03-31,quarterly,363030000.0,467610000.0,857900000.0,526424000.0,1065616000.0,154675000.0,1.3470502666882171,0.8050742481344124,0.4388166093602198
0001561550,2022-06-30,quarterly,406138000.0,458773000.0,881400000.0,397301000.0,1273205000.0,198549000.0,1.0455303224896624,0.6922687234184597,0.36032924784304177
0001561550,2022-09-30,quarterly,436533000.0,488197000.0,941000000.0,465957000.0,1476189000.0,233549000.0,0.8691281058792801,0.6374522503554761,0.330714427488621
0001561550,2023-03-31,quarterly,481714000.0,584935000.0,1138300000.0,578452000.0,1687415000.0,270488000.0,0.7809071012392417,0.6745821270997354,0.3466456088158515
0001561550,2023-06-30,quarterly,509460000.0,595004000.0,1252500000.0,519529000.0,1833845000.0,363030000.0,0.4033550946202793,0.6829912015464775,0.32445708334128565
0001561550,2023-09-30,quarterly,547536000.0,654005000.0,1446200000.0,606537000.0,1975243000.0,406138000.0,0.34815259837789125,0.7321630806943753,0.33110103415124115
0001561550,2024-03-31,quarterly,611253000.0,793665000.0,1731500000.0,750913000.0,2149963000.0,436533000.0,0.40024465504326123,0.8053626969394357,0.36915286449115636
0001561550,2024-06-30,quarterly,645279000.0,815611000.0,1792400000.0,667225000.0,2313528000.0,481714000.0,0.3395479475373355,0.7747474852260271,0.3525399303574454
0001561550,2024-09-30,quarterly,690016000.0,814228000.0,1821800000.0,688633000.0,2494084000.0,509460000.0,0.3544066266242689,0.7304485334094601,0.3264637438033362
0001561550,2025-03-31,quarterly,761553000.0,970695000.0,2309000000.0,918020000.0,2708101000.0,547536000.0,0.39087292890330505,0.8526269884321154,0.3584412102798234
0001561550,2025-06-30,quarterly,826760000.0,996308000.0,2425800000.0,852373000.0,2923608000.0,611253000.0,0.35256595877648045,0.8297281988556605,0.34078029612725097
0001561550,2025-09-30,quarterly,885651000.0,1003292000.0,2787600000.0,892635000.0,3163980000.0,645279000.0,0.3725086357993983,0.8810422316196689,0.31709808532291606
0001561550,2026-03-31,quarterly,1006426000.0,1282070000.0,3484400000.0,1285204000.0,3480390000.0,690016000.0,0.45855458424152484,1.0011521697281052,0.3683696367361129
0001561550,2026-06-30,quarterly,1121454000.0,1337550000.0,3471400000.0,1176934000.0,3840291000.0,761553000.0,0.4725882505879433,0.9039419148184343,0.3482939183514999
0001585521,2018-04-30,quarterly,60070000.0,,,,60070000.0,,,,
0001585521,2018-07-31,quarterly,74526000.0,,,,134596000.0,,,,
0001585521,2018-10-31,quarterly,90121000.0,,,,224717000.0,,,,
0001585521,2019-01-31,quarterly,105800000.0,125773000.0,,,330517000.0,,,,0.3805341328887773
0001585521,2019-04-30,quarterly,121988000.0,149330000.0,,145545000.0,392435000.0,60070000.0,1.0307641085400365,,0.3805216150445297
0001585521,2019-07-31,quarterly,145826000.0,181407000.0,457600000.0,177903000.0,463735000.0,74526000.0,0.9567130934170625,0.9867704615782721,0.39118677693079024
0001585521,2019-10-31,quarterly,166593000.0,201599000.0,517000000.0,186785000.0,540207000.0,90121000.0,0.8485480631595299,0.9570405418663587,0.37318842591821283
0001585521,2020-01-31,quarterly,188251000.0,230536000.0,604100000.0,217188000.0,622658000.0,105800000.0,0.7793100189035918,0.9701955166399532,0.37024498199653744
0001585521,2020-04-30,quarterly,328167000.0,551842000.0,1100000000.0,649473000.0,828837000.0,121988000.0,1.690158048332623,1.327160828968784,0.6658028056179924
0001585521,2020-07-31,quarterly,663520000.0,742613000.0,1415800000.0,854291000.0,1346531000.0,145826000.0,3.550080232605983,1.0514425586934129,0.5515008566457066
0001585521,2020-10-31,quarterly,777196000.0,854697000.0,1631200000.0,889280000.0,1957134000.0,166593000.0,3.665238035211564,0.8334636258937814,0.4367084726952779
0001585521,2021-01-31,quarterly,882485000.0,883495000.0,1750900000.0,911283000.0,2651368000.0,188251000.0,3.6878104233178046,0.6603760775569442,0.33322232145820574
0001585521,2021-04-30,quarterly,956237000.0,1094423000.0,2073400000.0,1167165000.0,3279438000.0,328167000.0,1.9138731194788021,0.6322424756924815,0.3337227293213044
0001585521,2021-07-31,quarterly,1021495000.0,1178028000.0,2346300000.0,1105100000.0,3637413000.0,663520000.0,0.5395089823969135,0.64504635574789,0.323864240876689
0001585521,2021-10-31,quarterly,1050756000.0,1186119000.0,2456500000.0,1058847000.0,3910973000.0,777196000.0,0.351983283496055,0.6281045663061341,0.3032797720669511
0001585521,2022-04-30,quarterly,1073800000.0,1331047000.0,2990000000.0,1218728000.0,4102288000.0,882485000.0,0.21679122024736963,0.7288615523824753,0.32446454271372466
0001585521,2022-07-31,quarterly,1099458000.0,1401149000.0,3213000000.0,1169560000.0,4245509000.0,956237000.0,0.149775630936682,0.7567997147102974,0.33003086320156194
0001585521,2022-10-31,quarterly,1101899000.0,1354223000.0,3245900000.0,1054973000.0,4325913000.0,1021495000.0,0.0787120837595876,0.7503387146250976,0.3130490603948808
0001585521,2023-04-30,quarterly,1105364000.0,1366136000.0,3482200000.0,1117277000.0,4380521000.0,1050756000.0,0.051970200503256736,0.7949282745134654,0.31186609994564574
0001585521,2023-07-31,quarterly,1138676000.0,1369768000.0,3504400000.0,1142308000.0,4445397000.0,1073800000.0,0.060417209908735225,0.7883210430924392,0.30813175966061074
0001585521,2023-10-31,quarterly,1136727000.0,1315898000.0,3571700000.0,1082857000.0,4482666000.0,1099458000.0,0.03389761136851077,0.7967803088608431,0.2935525421702175
0001585521,2024-04-30,quarterly,1141234000.0,1352192000.0,3665700000.0,1177528000.0,4522001000.0,1101899000.0,0.03569746410514929,0.8106367070683974,0.2990251439572879
0001585521,2024-07-31,quarterly,1162520000.0,1406694000.0,3778300000.0,1217022000.0,4579157000.0,1105364000.0,0.05170785370249087,0.8251082022302358,0.3071949706026677
0001585521,2024-10-31,quarterly,1177541000.0,1378951000.0,3740700000.0,1149798000.0,4618022000.0,1138676000.0,0.0341317459927144,0.8100221263562625,0.2986020854816196
0001585521,2025-04-30,quarterly,1174715000.0,1425402000.0,3877300000.0,1221166000.0,4656010000.0,1136727000.0,0.03341875401921479,0.8327516478701721,0.3061423837148116
0001585521,2025-07-31,quarterly,1217227000.0,1479277000.0,3976100000.0,1271102000.0,4732003000.0,1141234000.0,0.06658844724219581,0.8402572863964795,0.31261117121016196
0001585521,2025-10-31,quarterly,1229835000.0,1444484000.0,4022300000.0,1195042000.0,4799318000.0,1162520000.0,0.057904380139696565,0.8380982464591844,0.3009769304722046
0001585521,2026-04-30,quarterly,1239006000.0,1493449000.0,4298600000.0,1287971000.0,4860783000.0,1177541000.0,0.052197757870001915,0.8843431192052803,0.3072445324138107
0001585521,2026-07-31,quarterly,1277217000.0,1562163000.0,4535900000.0,1345931000.0,4963285000.0,1174715000.0,0.08725690912263828,0.9138906994057363,0.31474376345505045
0001594805,2024-03-31,quarterly,1861000000.0,479000000.0,,,1861000000.0,,,,0.25738850080601827
0001594805,2024-06-30,quarterly,2045000000.0,468000000.0,,2034000000.0,3906000000.0,,,,0.11981566820276497
0001594805,2024-09-30,quarterly,2162000000.0,449000000.0,,2143000000.0,6068000000.0,,,,0.07399472643375082
0001594805,2025-03-31,quarterly,2360000000.0,430000000.0,,2341000000.0,8428000000.0,,,,0.05102040816326531
0001594805,2025-06-30,quarterly,2680000000.0,421000000.0,,2671000000.0,9247000000.0,1861000000.0,0.44008597528210647,,0.045528279441981186
0001594805,2025-09-30,quarterly,2844000000.0,410000000.0,,2833000000.0,10046000000.0,2045000000.0,0.3907090464547678,,0.04081226358749751
0001594805,2026-03-31,quarterly,3170000000.0,407000000.0,,3167000000.0,11054000000.0,2162000000.0,0.46623496762257166,,0.03681925094988239
0001594805,2026-06-30,quarterly,3583000000.0,414000000.0,,3590000000.0,12277000000.0,2360000000.0,0.5182203389830509,,0.03372159322310011
0001640147,2019-10-31,quarterly,73012000.0,,,,73012000.0,,,,
0001640147,2020-04-30,quarterly,108815000.0,,,,181827000.0,,,,
0001640147,2020-07-31,quarterly,133145000.0,,,,314972000.0,,,,
0001640147,2020-10-31,quarterly,159624000.0,441704000.0,927900000.0,,474596000.0,,,1.9551365793222024,0.9306947382615951
0001640147,2021-04-30,quarterly,228914000.0,638736000.0,1400000000.0,425946000.0,630498000.0,73012000.0,2.1352928285761243,2.220466995930201,1.013065862223195
0001640147,2021-07-31,quarterly,272198000.0,708858000.0,1500000000.0,342320000.0,793881000.0,108815000.0,1.5014749804714422,1.8894519455686682,0.8929020848212768
0001640147,2021-10-31,quarterly,334441000.0,766876000.0,1800000000.0,392459000.0,995177000.0,133145000.0,1.5118554958879415,1.8087234733117827,0.7705925679552481
0001640147,2022-04-30,quarterly,422371000.0,1143131000.0,2600000000.0,798626000.0,1257924000.0,159624000.0,1.6460369368014836,2.0668975232207987,0.9087440894680442
0001640147,2022-07-31,quarterly,497248000.0,1153566000.0,2700000000.0,507683000.0,1526258000.0,228914000.0,1.1722044086425472,1.769032496471763,0.7558132373425724
0001640147,2022-10-31,quarterly,557028000.0,1207034000.0,3000000000.0,610496000.0,1811088000.0,272198000.0,1.0464073946171535,1.6564628554769287,0.6664689954325798
0001640147,2023-04-30,quarterly,623599000.0,1574597000.0,3400000000.0,991162000.0,2100246000.0,334441000.0,0.864600931105935,1.6188579813983694,0.7497202708635083
0001640147,2023-07-31,quarterly,674018000.0,1535562000.0,3500000000.0,634983000.0,2351893000.0,422371000.0,0.5957961128960085,1.4881629393854228,0.6529047027224453
0001640147,2023-10-31,quarterly,734173000.0,1617669000.0,3700000000.0,816280000.0,2588818000.0,497248000.0,0.4764725046656799,1.4292236843223431,0.6248677968092002
0001640147,2024-04-30,quarterly,828709000.0,1950334000.0,5000000000.0,1161374000.0,2860499000.0,557028000.0,0.4877331121595323,1.747946774321543,0.6818160048299265
0001640147,2024-07-31,quarterly,868823000.0,1860656000.0,5200000000.0,779145000.0,3105723000.0,623599000.0,0.3932398865296449,1.6743283287015616,0.5991055866862564
0001640147,2024-10-31,quarterly,942094000.0,1986907000.0,5700000000.0,1068345000.0,3373799000.0,674018000.0,0.39772825058084504,1.6894900970686162,0.5889227544379496
0001640147,2025-04-30,quarterly,1042074000.0,2323527000.0,6700000000.0,1378694000.0,3681700000.0,734173000.0,0.4193848043989632,1.8198115001222261,0.6311016649917158
0001640147,2025-07-31,quarterly,1144969000.0,2279927000.0,6900000000.0,1101369000.0,3997960000.0,828709000.0,0.3816297397518309,1.7258801989014398,0.5702725890204005
0001640147,2025-10-31,quarterly,1212909000.0,2434506000.0,7900000000.0,1367488000.0,4342046000.0,868823000.0,0.3960369373278563,1.819418771703478,0.5606817615474364
0001640147,2026-04-30,quarterly,1390951000.0,2877475000.0,9200000000.0,1833920000.0,4790903000.0,942094000.0,0.47644608712081804,1.920306046688902,0.6006122436626248
0001650372,2021-09-30,quarterly,614024000.0,,,,614024000.0,,,,
0001650372,2021-12-31,quarterly,688526000.0,,,,1302550000.0,,,,
0001650372,2022-03-31,quarterly,740491000.0,,,,2043041000.0,,,,
0001650372,2022-09-30,quarterly,807392000.0,1172834000.0,1300000000.0,,2850433000.0,,,0.4560710600810473,0.4114581889839193
0001650372,2022-12-31,quarterly,872704000.0,1274081000.0,1400000000.0,973951000.0,3109113000.0,614024000.0,0.4212864643727281,0.4502891982375681,0.4097892228426564
0001650372,2023-03-31,quarterly,915453000.0,1397717000.0,1600000000.0,1039089000.0,3336040000.0,688526000.0,0.32958377751893164,0.4796105562283426,0.41897489238738145
0001650372,2023-09-30,quarterly,977775000.0,1501081000.0,1700000000.0,1081139000.0,3573324000.0,740491000.0,0.32044143683042736,0.47574751128081305,0.42007973528289067
0001650372,2023-12-31,quarterly,1060110000.0,1653883000.0,1900000000.0,1212912000.0,3826042000.0,807392000.0,0.3130053307439262,0.4965967441026523,0.4322699541719615
0001650372,2024-03-31,quarterly,1189128000.0,1955565000.0,2300000000.0,1490810000.0,4142466000.0,872704000.0,0.36257883543561165,0.5552248346757704,0.4720775016620535
0001650372,2024-09-30,quarterly,1187781000.0,2012820000.0,2300000000.0,1245036000.0,4414794000.0,915453000.0,0.2974789530429198,0.5209756106400435,0.4559261428732575
0001650372,2024-12-31,quarterly,1286463000.0,2196245000.0,2700000000.0,1469888000.0,4723482000.0,977775000.0,0.31570453325151493,0.571612213193572,0.4649631352464136
0001650372,2025-03-31,quarterly,1356716000.0,2368203000.0,2900000000.0,1528674000.0,5020088000.0,1060110000.0,0.2797879465338502,0.5776791163820236,0.4717453160183646
0001650372,2025-09-30,quarterly,1432553000.0,2281156000.0,3300000000.0,1345506000.0,5263513000.0,1189128000.0,0.20470882865427442,0.6269576991640374,0.43339039914976935
0001650372,2025-12-31,quarterly,1586315000.0,2431509000.0,3800000000.0,1736668000.0,5662047000.0,1187781000.0,0.3355281823837897,0.671135368533677,0.4294399181073559
0001650372,2026-03-31,quarterly,1786971000.0,2411644000.0,4000000000.0,1767106000.0,6162555000.0,1286463000.0,0.3890574388847561,0.6490814280765039,0.3913383328830331
0001660134,2017-10-31,quarterly,66911000.0,141648000.0,,,66911000.0,,,,2.116961336700991
0001660134,2018-04-30,quarterly,83621000.0,177894000.0,499100000.0,119867000.0,150532000.0,,,3.3155740972019236,1.1817686604841495
0001660134,2018-07-31,quarterly,94586000.0,191898000.0,543900000.0,108590000.0,245118000.0,,,2.218931290235723,0.7828800822461018
0001660134,2018-10-31,quarterly,105576000.0,211123000.0,614400000.0,124801000.0,350694000.0,,,1.7519546955465448,0.602014861959429
0001660134,2019-04-30,quarterly,125223000.0,275704000.0,792000000.0,189804000.0,409006000.0,66911000.0,0.8714860037960874,1.936401910974411,0.6740830207869811
0001660134,2019-07-31,quarterly,140480000.0,291193000.0,913600000.0,155969000.0,465865000.0,83621000.0,0.6799607754033077,1.9610831464050744,0.6250587616584203
0001660134,2019-10-31,quarterly,153037000.0,313756000.0,1031300000.0,175600000.0,524316000.0,94586000.0,0.6179667181189605,1.9669435988983743,0.5984101190884886
0001660134,2020-04-30,quarterly,182859000.0,398191000.0,1240200000.0,267294000.0,601599000.0,105576000.0,0.7320129574903387,2.0615060862800636,0.6618877358506248
0001660134,2020-07-31,quarterly,200446000.0,396820000.0,1426700000.0,199075000.0,676822000.0,125223000.0,0.6007123292046987,2.1079397537314093,0.5862989087234162
0001660134,2020-10-31,quarterly,217379000.0,432114000.0,1581800000.0,252673000.0,753721000.0,140480000.0,0.5474017653758543,2.098654541932625,0.5733076297462855
0001660134,2021-04-30,quarterly,251006000.0,624912000.0,1889800000.0,443804000.0,851690000.0,153037000.0,0.6401654501852494,2.2188824572320915,0.7337317568598903
0001660134,2021-07-31,quarterly,315500000.0,737297000.0,2236400000.0,427885000.0,984331000.0,182859000.0,0.725373101679436,2.2719999674906104,0.7490336075974443
0001660134,2021-10-31,quarterly,350680000.0,777872000.0,2350200000.0,391255000.0,1134565000.0,200446000.0,0.7494986180816778,2.0714546984967805,0.6856125475402467
0001660134,2022-04-30,quarterly,415000000.0,971264000.0,2709700000.0,608392000.0,1332186000.0,217379000.0,0.9091080555159421,2.0340252787523663,0.7290753693553302
0001660134,2022-07-31,quarterly,452000000.0,1011284000.0,2790300000.0,492020000.0,1533180000.0,251006000.0,0.8007537668422269,1.8199428638516026,0.6595990033785988
0001660134,2022-10-31,quarterly,481000000.0,1062455000.0,2852800000.0,532171000.0,1698680000.0,315500000.0,0.5245641838351822,1.6794216685897285,0.6254591800692302
0001660134,2023-04-30,quarterly,518000000.0,1187000000.0,2942000000.0,642545000.0,1866000000.0,350680000.0,0.4771301471426941,1.5766345123258307,0.6361200428724545
0001660134,2023-07-31,quarterly,556000000.0,1242000000.0,3027000000.0,611000000.0,2007000000.0,415000000.0,0.33975903614457836,1.508221225710015,0.6188340807174888
0001660134,2023-10-31,quarterly,584000000.0,1274000000.0,3073000000.0,616000000.0,2139000000.0,452000000.0,0.2920353982300885,1.4366526414212248,0.5956054230949042
0001660134,2024-04-30,quarterly,617000000.0,1410000000.0,3364000000.0,753000000.0,2275000000.0,481000000.0,0.28274428274428276,1.4786813186813186,0.6197802197802198
0001660134,2024-07-31,quarterly,646000000.0,1415000000.0,3505000000.0,651000000.0,2403000000.0,518000000.0,0.24710424710424705,1.4585934248855597,0.5888472742405326
0001660134,2024-10-31,quarterly,665000000.0,1440000000.0,3659000000.0,690000000.0,2512000000.0,556000000.0,0.1960431654676258,1.456608280254777,0.5732484076433121
0001660134,2025-04-30,quarterly,688000000.0,1582000000.0,4084000000.0,830000000.0,2616000000.0,584000000.0,0.17808219178082196,1.5611620795107033,0.6047400611620795
0001660134,2025-07-31,quarterly,728000000.0,1574000000.0,4152000000.0,720000000.0,2727000000.0,617000000.0,0.17990275526742305,1.5225522552255226,0.5771910524385772
0001660134,2025-10-31,quarterly,742000000.0,1586000000.0,4292000000.0,754000000.0,2823000000.0,646000000.0,0.14860681114551078,1.520368402408785,0.5618136733970953
0001660134,2026-04-30,quarterly,765000000.0,1752000000.0,4719000000.0,931000000.0,2923000000.0,665000000.0,0.15037593984962405,1.6144372220321588,0.5993841943209032
0001660134,2026-07-31,quarterly,805000000.0,1781000000.0,4858000000.0,834000000.0,3040000000.0,688000000.0,0.1700581395348837,1.5980263157894736,0.5858552631578947
0001713683,2017-04-30,quarterly,32964000.0,,,,32964000.0,,,,
0001713683,2017-10-31,quarterly,39861000.0,,,,72825000.0,,,,
0001713683,2018-01-31,quarterly,44976000.0,,,,117801000.0,,,,
0001713683,2018-04-30,quarterly,49163000.0,124806000.0,304700000.0,,166964000.0,,,1.824944299369924,0.7475024556191754
0001713683,2018-10-31,quarterly,63298000.0,165279000.0,411200000.0,103771000.0,197298000.0,32964000.0,0.9202159932047083,2.084156960536853,0.837712495818508
0001713683,2019-01-31,quarterly,74302000.0,206020000.0,461000000.0,115043000.0,231739000.0,39861000.0,0.864027495547026,1.9893069358200388,0.8890173859384911
0001713683,2019-04-30,quarterly,79128000.0,211542000.0,497100000.0,84650000.0,265891000.0,44976000.0,0.7593383137673426,1.869563091642816,0.7955966918774987
0001713683,2019-10-31,quarterly,93590000.0,245869000.0,554700000.0,127917000.0,310318000.0,49163000.0,0.9036673921444989,1.787521187942691,0.7923130466166964
0001713683,2020-01-31,quarterly,101268000.0,280022000.0,608500000.0,135421000.0,348288000.0,63298000.0,0.5998609750703023,1.747117328188166,0.8039955439176774
0001713683,2020-04-30,quarterly,110524000.0,300791000.0,653500000.0,131293000.0,384510000.0,74302000.0,0.4874969718177169,1.699565680996593,0.7822709422381733
0001713683,2020-10-31,quarterly,142578000.0,371900000.0,864000000.0,213687000.0,447960000.0,79128000.0,0.8018653321201092,1.9287436378248057,0.8302080542905617
0001713683,2021-01-31,quarterly,157044000.0,446817000.0,1024800000.0,231961000.0,511414000.0,93590000.0,0.6779997863019553,2.003855975784785,0.8736894179666571
0001713683,2021-04-30,quarterly,176404000.0,495434000.0,1207600000.0,225021000.0,586550000.0,101268000.0,0.7419520480309674,2.0588185150456058,0.8446577444378144
0001713683,2021-10-31,quarterly,230517000.0,647816000.0,1705700000.0,382899000.0,706543000.0,110524000.0,1.085673699829901,2.414148891150291,0.9168812089285436
0001713683,2022-01-31,quarterly,255563000.0,759931000.0,1948900000.0,367678000.0,819528000.0,142578000.0,0.7924434344709563,2.378076160912135,0.9272788727169785
0001713683,2022-04-30,quarterly,286807000.0,818743000.0,2215800000.0,345619000.0,949291000.0,157044000.0,0.826284353429612,2.3341630753899487,0.8624784181036163
0001713683,2022-10-31,quarterly,355548000.0,1005713000.0,2682000000.0,542518000.0,1128435000.0,176404000.0,1.0155325276070837,2.3767430113387125,0.8912458404781843
0001713683,2023-01-31,quarterly,387598000.0,1111880000.0,2809200000.0,493765000.0,1285516000.0,230517000.0,0.6814291353783017,2.1852703505829565,0.8649289468197985
0001713683,2023-04-30,quarterly,418800000.0,1175373000.0,3023000000.0,482293000.0,1448753000.0,255563000.0,0.6387348716363479,2.0866220811967255,0.8112997867821499
0001713683,2023-10-31,quarterly,496703000.0,1399544000.0,3487400000.0,720874000.0,1658649000.0,286807000.0,0.7318370890529171,2.102554548913001,0.843785514596518
0001713683,2024-01-31,quarterly,524999000.0,1502175000.0,3613000000.0,627630000.0,1828100000.0,355548000.0,0.4765910650601326,1.976368907608993,0.8217138012143755
0001713683,2024-04-30,quarterly,553201000.0,1577014000.0,3824100000.0,628040000.0,1993703000.0,387598000.0,0.42725452659714436,1.9180891035425036,0.7909974554886059
0001713683,2024-10-31,quarterly,627955000.0,1783720000.0,4410600000.0,834661000.0,2202858000.0,418800000.0,0.4994149952244509,2.0022171197598757,0.8097299054228643
0001713683,2025-01-31,quarterly,647900000.0,1878505000.0,4615300000.0,742685000.0,2354055000.0,496703000.0,0.3044012216555969,1.960574413087205,0.7979868779616449
0001713683,2025-04-30,quarterly,678034000.0,1984985000.0,4978000000.0,784514000.0,2507090000.0,524999000.0,0.2914957933253206,1.9855689265243768,0.7917486009676558
0001713683,2025-10-31,quarterly,788112000.0,2351304000.0,5932600000.0,1154431000.0,2742001000.0,553201000.0,0.42463950715924237,2.163602420276287,0.8575139104617394
0001713683,2026-01-31,quarterly,815751000.0,2355355000.0,6050800000.0,819802000.0,2929797000.0,627955000.0,0.2990596459937416,2.0652625420805606,0.8039311256035828
0001713683,2026-04-30,quarterly,850475000.0,2477166000.0,6459300000.0,972286000.0,3132372000.0,647900000.0,0.3126639913566909,2.0621113967306566,0.7908275262325164
